"Numeric TIS-code of territory","Validity start date of territory","Validity start date of territory name code","Alphanumeric ISO-code of language","Territory name","Official territory name","Abbreviated territory name","Unofficial territory name"
4,1000/01/01 00:00:00,1000/01/01 00:00:00,"DE","AFGHANISTAN",,"AFGHANISTAN",
4,1000/01/01 00:00:00,1000/01/01 00:00:00,"EN","AFGHANISTAN",,"AFGHANISTAN",
4,1000/01/01 00:00:00,1000/01/01 00:00:00,"ES","AFGANISTAN",,"AFGANISTAN",
4,1000/01/01 00:00:00,1000/01/01 00:00:00,"FR","AFGHANISTAN",,"AFGHANISTAN",
8,1000/01/01 00:00:00,1000/01/01 00:00:00,"DE","ALBANIEN","REPUBLIK ALBANIEN","ALBANIEN",
8,1000/01/01 00:00:00,1000/01/01 00:00:00,"EN","ALBANIA","REPUBLIC OF ALBANIA","ALBANIA",
8,1000/01/01 00:00:00,1000/01/01 00:00:00,"ES","ALBANIA","REPUBLICA DE ALBANIA","ALBANIA",
8,1000/01/01 00:00:00,1000/01/01 00:00:00,"FR","ALBANIE","REPUBLIQUE D'ALBANIE","ALBANIE",
12,1000/01/01 00:00:00,1000/01/01 00:00:00,"DE","ALGERIEN","DEMOKRATISCHE VOLKSREPUBLIK ALGERIEN","ALGERIEN",
12,1000/01/01 00:00:00,1000/01/01 00:00:00,"EN","ALGERIA","PEOPLE'S DEMOCRATIC REPUBLIC OF ALGERIA","ALGERIA",
12,1000/01/01 00:00:00,1000/01/01 00:00:00,"ES","ARGELIA","REPUBLICA DEMOCRATICA DEL PUEBLO DE ARGELIA","ARGELIA",
12,1000/01/01 00:00:00,1000/01/01 00:00:00,"FR","ALGERIE","REPUBLIQUE ALGERIENNE DEMOCRATIQUE ET POPULAIRE","ALGERIE",
20,1000/01/01 00:00:00,1000/01/01 00:00:00,"DE","ANDORRA","FUERSTENTUM ANDORRA","ANDORRA",
20,1000/01/01 00:00:00,1000/01/01 00:00:00,"EN","ANDORRA","PRINCIPALITY OF ANDORRA","ANDORRA",
20,1000/01/01 00:00:00,1000/01/01 00:00:00,"ES","ANDORRA","PRINCIPADO DE ANDORRA","ANDORRA",
20,1000/01/01 00:00:00,1000/01/01 00:00:00,"FR","ANDORRE","PRINCIPAUTE D'ANDORRE","ANDORRE",
24,1000/01/01 00:00:00,1000/01/01 00:00:00,"DE","ANGOLA","REPUBLIK ANGOLA","ANGOLA",
24,1000/01/01 00:00:00,1000/01/01 00:00:00,"EN","ANGOLA","REPUBLIC OF ANGOLA","ANGOLA",
24,1000/01/01 00:00:00,1000/01/01 00:00:00,"ES","ANGOLA","REPUBLICA DE ANGOLA","ANGOLA",
24,1000/01/01 00:00:00,1000/01/01 00:00:00,"FR","ANGOLA","REPUBLIQUE D'ANGOLA","ANGOLA",
28,1000/01/01 00:00:00,1000/01/01 00:00:00,"DE","ANTIGUA UND BARBUDA",,"ANTIGUA+BARBUDA","BARBUDA"
28,1000/01/01 00:00:00,1000/01/01 00:00:00,"EN","ANTIGUA AND BARBUDA",,"ANTIGUA+BARBUDA",
28,1000/01/01 00:00:00,1000/01/01 00:00:00,"ES","ANTIGUA Y BARBUDA",,"ANTIGUA+BARBUDA",
28,1000/01/01 00:00:00,1000/01/01 00:00:00,"FR","ANTIGUA-ET-BARBUDA",,"ANTIGUA+BARBUDA",
31,1992/01/01 00:00:00,1992/01/01 00:00:00,"DE","ASERBAIDSCHAN","REPUBLIK ASERBAIDSCHAN","ASERBAIDSCHAN",
31,1992/01/01 00:00:00,1992/01/01 00:00:00,"EN","AZERBAIJAN","REPUBLIC OF AZERBAIJAN","AZERBAIJAN",
31,1992/01/01 00:00:00,1992/01/01 00:00:00,"ES","AZERBAIYAN","REPUBLICA DE AZERBAIYAN","AZERBAIYAN",
31,1992/01/01 00:00:00,1992/01/01 00:00:00,"FR","AZERBAIDJAN","REPUBLIQUE D'AZERBAIDJAN","AZERBAIDJAN",
32,1000/01/01 00:00:00,1000/01/01 00:00:00,"DE","ARGENTINIEN","ARGENTINISCHE REPUBLIK","ARGENTINIEN",
32,1000/01/01 00:00:00,1000/01/01 00:00:00,"EN","ARGENTINA","ARGENTINE REPUBLIC","ARGENTINA",
32,1000/01/01 00:00:00,1000/01/01 00:00:00,"ES","ARGENTINA","REPUBLICA ARGENTINA","ARGENTINA",
32,1000/01/01 00:00:00,1000/01/01 00:00:00,"FR","ARGENTINE","REPUBLIQUE ARGENTINE","ARGENTINE",
36,1000/01/01 00:00:00,1000/01/01 00:00:00,"DE","AUSTRALIEN",,"AUSTRALIEN",
36,1000/01/01 00:00:00,1000/01/01 00:00:00,"EN","AUSTRALIA",,"AUSTRALIA",
36,1000/01/01 00:00:00,1000/01/01 00:00:00,"ES","AUSTRALIA",,"AUSTRALIA",
36,1000/01/01 00:00:00,1000/01/01 00:00:00,"FR","AUSTRALIE",,"AUSTRALIE",
40,1000/01/01 00:00:00,1000/01/01 00:00:00,"DE","OESTERREICH","REPUBLIK OESTERREICH","OESTERREICH",
40,1000/01/01 00:00:00,1000/01/01 00:00:00,"EN","AUSTRIA","REPUBLIC OF AUSTRIA","AUSTRIA",
40,1000/01/01 00:00:00,1000/01/01 00:00:00,"ES","AUSTRIA","REPUBLICA DE AUSTRIA","AUSTRIA",
40,1000/01/01 00:00:00,1000/01/01 00:00:00,"FR","AUTRICHE","REPUBLIQUE D'AUTRICHE","AUTRICHE",
44,1000/01/01 00:00:00,1000/01/01 00:00:00,"DE","BAHAMAS","COMMONWEALTH DER BAHAMAS","BAHAMAS",
44,1000/01/01 00:00:00,1000/01/01 00:00:00,"EN","BAHAMAS","COMMONWEALTH OF THE BAHAMAS","BAHAMAS",
44,1000/01/01 00:00:00,1000/01/01 00:00:00,"ES","BAHAMAS","COMMONWEALTH DE LAS BAHAMAS","BAHAMAS",
44,1000/01/01 00:00:00,1000/01/01 00:00:00,"FR","BAHAMAS","COMMONWEALTH DES BAHAMAS","BAHAMAS",
48,1000/01/01 00:00:00,1000/01/01 00:00:00,"DE","BAHRAIN","KOENIGREICH BAHRAIN","BAHRAIN",
48,1000/01/01 00:00:00,1000/01/01 00:00:00,"EN","BAHRAIN","KINGDOM OF BAHRAIN","BAHRAIN",
48,1000/01/01 00:00:00,1000/01/01 00:00:00,"ES","BAHREIN","REINO DE BAHREIN","BAHREIN",
48,1000/01/01 00:00:00,1000/01/01 00:00:00,"FR","BAHREIN","ROYAUME DE BAHREIN","BAHREIN",
50,1000/01/01 00:00:00,1000/01/01 00:00:00,"DE","BANGLADESCH","VOLKSREPUBLIK BANGLADESCH","BANGLADESCH",
50,1000/01/01 00:00:00,1000/01/01 00:00:00,"EN","BANGLADESH","PEOPLE'S REPUBLIC OF BANGLADESH","BANGLADESH",
50,1000/01/01 00:00:00,1000/01/01 00:00:00,"ES","BANGLADESH","REPUBLICA DEL PUEBLO DE BANGLADESH","BANGLADESH",
50,1000/01/01 00:00:00,1000/01/01 00:00:00,"FR","BANGLADESH","REPUBLIQUE POPULAIRE DU BANGLADESH","BANGLADESH",
51,1992/01/01 00:00:00,1992/01/01 00:00:00,"DE","ARMENIEN","REPUBLIK ARMENIEN","ARMENIEN",
51,1992/01/01 00:00:00,1992/01/01 00:00:00,"EN","ARMENIA","REPUBLIC OF ARMENIA","ARMENIA",
51,1992/01/01 00:00:00,1992/01/01 00:00:00,"ES","ARMENIA","REPUBLICA DE ARMENIA","ARMENIA",
51,1992/01/01 00:00:00,1992/01/01 00:00:00,"FR","ARMENIE","REPUBLIQUE D'ARMENIE","ARMENIE",
52,1000/01/01 00:00:00,1000/01/01 00:00:00,"DE","BARBADOS",,"BARBADOS",
52,1000/01/01 00:00:00,1000/01/01 00:00:00,"EN","BARBADOS",,"BARBADOS",
52,1000/01/01 00:00:00,1000/01/01 00:00:00,"ES","BARBADOS",,"BARBADOS",
52,1000/01/01 00:00:00,1000/01/01 00:00:00,"FR","BARBADE",,"BARBADE",
56,1000/01/01 00:00:00,1000/01/01 00:00:00,"DE","BELGIEN","KOENIGREICH BELGIEN","BELGIEN",
56,1000/01/01 00:00:00,1000/01/01 00:00:00,"EN","BELGIUM","KINGDOM OF BELGIUM","BELGIUM",
56,1000/01/01 00:00:00,1000/01/01 00:00:00,"ES","BELGICA","REINO DE BELGICA","BELGICA",
56,1000/01/01 00:00:00,1000/01/01 00:00:00,"FR","BELGIQUE","ROYAUME DE BELGIQUE","BELGIQUE",
64,1000/01/01 00:00:00,1000/01/01 00:00:00,"DE","BHUTAN","KOENIGREICH BHUTAN","BHUTAN",
64,1000/01/01 00:00:00,1000/01/01 00:00:00,"EN","BHUTAN","KINGDOM OF BHUTAN","BHUTAN",
64,1000/01/01 00:00:00,1000/01/01 00:00:00,"ES","BHUTAN","REINO DE BHUTAN","BHUTAN",
64,1000/01/01 00:00:00,1000/01/01 00:00:00,"FR","BHOUTAN","ROYAUME DE BHOUTAN","BHOUTAN",
68,1000/01/01 00:00:00,1000/01/01 00:00:00,"DE","BOLIVIEN","PLURINATIONALER STAAT BOLIVIEN","BOLIVIEN",
68,1000/01/01 00:00:00,1000/01/01 00:00:00,"EN","BOLIVIA","PLURINATIONAL STATE OF BOLIVIA","BOLIVIA",
68,1000/01/01 00:00:00,1000/01/01 00:00:00,"ES","BOLIVIA","ESTADO PLURINACIONAL DE BOLIVIA","BOLIVIA",
68,1000/01/01 00:00:00,1000/01/01 00:00:00,"FR","BOLIVIE","ETAT PLURINATIONAL DE BOLIVIE","BOLIVIE",
70,1992/01/01 00:00:00,1992/01/01 00:00:00,"DE","BOSNIEN UND HERZEGOWINA",,"BOSNIEN+HERZEG.",
70,1992/01/01 00:00:00,1992/01/01 00:00:00,"EN","BOSNIA AND HERZEGOVINA",,"BOSNIA+HERZEGO.",
70,1992/01/01 00:00:00,1992/01/01 00:00:00,"ES","BOSNIA Y HERZEGOVINA",,"BOSNIA+HERZEGO.",
70,1992/01/01 00:00:00,1992/01/01 00:00:00,"FR","BOSNIE-HERZEGOVINE",,"BOSNIE-HERZEGO.",
72,1000/01/01 00:00:00,1000/01/01 00:00:00,"DE","BOTSUANA","REPUBLIK BOTSUANA","BOTSUANA",
72,1000/01/01 00:00:00,1000/01/01 00:00:00,"EN","BOTSWANA","REPUBLIC OF BOTSWANA","BOTSWANA",
72,1000/01/01 00:00:00,1000/01/01 00:00:00,"ES","BOTSWANA","REPUBLICA DE BOTSWANA","BOTSWANA",
72,1000/01/01 00:00:00,1000/01/01 00:00:00,"FR","BOTSWANA","REPUBLIQUE DU BOTSWANA","BOTSWANA",
76,1000/01/01 00:00:00,1000/01/01 00:00:00,"DE","BRASILIEN","FOEDERATIVE REPUBLIK BRASILIEN","BRASILIEN",
76,1000/01/01 00:00:00,1000/01/01 00:00:00,"EN","BRAZIL","FEDERATIVE REPUBLIC OF BRAZIL","BRAZIL",
76,1000/01/01 00:00:00,1000/01/01 00:00:00,"ES","BRASIL","REPUBLICA FEDERATIVA DE BRASIL","BRASIL",
76,1000/01/01 00:00:00,1000/01/01 00:00:00,"FR","BRESIL","REPUBLIQUE FEDERATIVE DU BRESIL","BRESIL",
84,1000/01/01 00:00:00,1000/01/01 00:00:00,"DE","BELIZE",,"BELIZE",
84,1000/01/01 00:00:00,1000/01/01 00:00:00,"EN","BELIZE",,"BELIZE",
84,1000/01/01 00:00:00,1000/01/01 00:00:00,"ES","BELIZE",,"BELIZE",
84,1000/01/01 00:00:00,1000/01/01 00:00:00,"FR","BELIZE",,"BELIZE",
90,1000/01/01 00:00:00,1000/01/01 00:00:00,"DE","SALOMONEN",,"SALOMONEN",
90,1000/01/01 00:00:00,1000/01/01 00:00:00,"EN","SOLOMON ISLANDS",,"SOLOMON ISLANDS",
90,1000/01/01 00:00:00,1000/01/01 00:00:00,"ES","ISLAS SALOMON",,"ISLAS SALOMON",
90,1000/01/01 00:00:00,1000/01/01 00:00:00,"FR","SALOMON, ILES",,"ILES SALOMON",
96,1000/01/01 00:00:00,1000/01/01 00:00:00,"DE","BRUNEI DARUSSALAM",,"BRUNEI",
96,1000/01/01 00:00:00,1000/01/01 00:00:00,"EN","BRUNEI DARUSSALAM",,"BRUNEI",
96,1000/01/01 00:00:00,1000/01/01 00:00:00,"ES","BRUNEI DARUSSALAM",,"BRUNEI",
96,1000/01/01 00:00:00,1000/01/01 00:00:00,"FR","BRUNEI DARUSSALAM",,"BRUNEI",
100,1000/01/01 00:00:00,1000/01/01 00:00:00,"DE","BULGARIEN","REPUBLIK BULGARIEN","BULGARIEN",
100,1000/01/01 00:00:00,1000/01/01 00:00:00,"EN","BULGARIA","REPUBLIC OF BULGARIA","BULGARIA",
100,1000/01/01 00:00:00,1000/01/01 00:00:00,"ES","BULGARIA","REPUBLICA DE BULGARIA","BULGARIA",
100,1000/01/01 00:00:00,1000/01/01 00:00:00,"FR","BULGARIE","REPUBLIQUE DE BULGARIE","BULGARIE",
104,1000/01/01 00:00:00,1000/01/01 00:00:00,"DE","BIRMA",,"BIRMA","BURMA"
104,1000/01/01 00:00:00,1000/01/01 00:00:00,"EN","BURMA",,"BURMA",
104,1000/01/01 00:00:00,1000/01/01 00:00:00,"ES","BURMA",,"BURMA",
104,1000/01/01 00:00:00,1000/01/01 00:00:00,"FR","BIRMANIE",,"BIRMANIE",
104,1000/01/01 00:00:00,1989/01/01 00:00:00,"DE","MYANMAR","REPUBLIK DER UNION MYANMAR","MYANMAR",
104,1000/01/01 00:00:00,1989/01/01 00:00:00,"EN","MYANMAR","REPUBLIC OF THE UNION OF MYANMAR","MYANMAR",
104,1000/01/01 00:00:00,1989/01/01 00:00:00,"ES","MIANMAR","REPUBLICA DE LA UNION DE MYANMAR","MIANMAR",
104,1000/01/01 00:00:00,1989/01/01 00:00:00,"FR","MYANMAR","REPUBLIQUE DE L UNION DU MYANMAR","MYANMAR",
108,1000/01/01 00:00:00,1000/01/01 00:00:00,"DE","BURUNDI","REPUBLIK BURUNDI","BURUNDI",
108,1000/01/01 00:00:00,1000/01/01 00:00:00,"EN","BURUNDI","REPUBLIC OF BURUNDI","BURUNDI",
108,1000/01/01 00:00:00,1000/01/01 00:00:00,"ES","BURUNDI","REPUBLICA DE BURUNDI","BURUNDI",
108,1000/01/01 00:00:00,1000/01/01 00:00:00,"FR","BURUNDI","REPUBLIQUE DU BURUNDI","BURUNDI",
112,1992/01/01 00:00:00,1992/01/01 00:00:00,"DE","BELARUS","REPUBLIK BELARUS","BELARUS","WEISSRUSSLAND"
112,1992/01/01 00:00:00,1992/01/01 00:00:00,"EN","BELARUS","REPUBLIC OF BELARUS","BELARUS",
112,1992/01/01 00:00:00,1992/01/01 00:00:00,"ES","BELARUS","REPUBLICA DE BELARUS","BELARUS",
112,1992/01/01 00:00:00,1992/01/01 00:00:00,"FR","BELARUS","REPUBLIQUE DU BELARUS","BELARUS",
116,1000/01/01 00:00:00,1000/01/01 00:00:00,"DE","KAMBODSCHA","KOENIGREICH KAMBODSCHA","KAMBODSCHA",
116,1000/01/01 00:00:00,1000/01/01 00:00:00,"EN","CAMBODIA","KINGDOM OF CAMBODIA","CAMBODIA",
116,1000/01/01 00:00:00,1000/01/01 00:00:00,"ES","CAMBOYA","REINO DE CAMBOYA","CAMBOYA",
116,1000/01/01 00:00:00,1000/01/01 00:00:00,"FR","CAMBODGE","ROYAUME DU CAMBODGE","CAMBODGE",
120,1000/01/01 00:00:00,1000/01/01 00:00:00,"DE","KAMERUN","REPUBLIK KAMERUN","KAMERUN",
120,1000/01/01 00:00:00,1000/01/01 00:00:00,"EN","CAMEROON","REPUBLIC OF CAMEROON","CAMEROON",
120,1000/01/01 00:00:00,1000/01/01 00:00:00,"ES","CAMERUN","REPUBLICA DE CAMERUN","CAMERUN",
120,1000/01/01 00:00:00,1000/01/01 00:00:00,"FR","CAMEROUN","REPUBLIQUE DU CAMEROUN","CAMEROUN",
124,1000/01/01 00:00:00,1000/01/01 00:00:00,"DE","KANADA",,"KANADA",
124,1000/01/01 00:00:00,1000/01/01 00:00:00,"EN","CANADA",,"CANADA",
124,1000/01/01 00:00:00,1000/01/01 00:00:00,"ES","CANADA",,"CANADA",
124,1000/01/01 00:00:00,1000/01/01 00:00:00,"FR","CANADA",,"CANADA",
132,1000/01/01 00:00:00,1000/01/01 00:00:00,"DE","KAP VERDE","REPUBLIK KAP VERDE","KAP VERDE",
132,1000/01/01 00:00:00,1000/01/01 00:00:00,"EN","CAPE VERDE","REPUBLIC OF CAPE VERDE","CAPE VERDE",
132,1000/01/01 00:00:00,1000/01/01 00:00:00,"ES","CABO VERDE","REPUBLICA DE CABO VERDE","CABO VERDE",
132,1000/01/01 00:00:00,1000/01/01 00:00:00,"FR","CAP-VERT","REPUBLIQUE DU CAP-VERT","CAP-VERT",
140,1000/01/01 00:00:00,1000/01/01 00:00:00,"DE","ZENTRALAFRIKANISCHE REPUBLIK",,"ZENTRALAFR.REP.",
140,1000/01/01 00:00:00,1000/01/01 00:00:00,"EN","CENTRAL AFRICAN REPUBLIC",,"CENT.AFRIC.REP.",
140,1000/01/01 00:00:00,1000/01/01 00:00:00,"ES","REPUBLICA CENTRAL AFRICANA",,"REP.CENT.AFRIC.",
140,1000/01/01 00:00:00,1000/01/01 00:00:00,"FR","CENTRAFRICAINE, REPUBLIQUE","REPUBLIQUE CENTRAFRICAINE","REP.CENTRAFRIC.",
144,1000/01/01 00:00:00,1000/01/01 00:00:00,"DE","SRI LANKA","DEMOKRATISCHE SOZIALISTISCHE REPUBLIK SRI LANKA","SRI LANKA","CEYLON"
144,1000/01/01 00:00:00,1000/01/01 00:00:00,"EN","SRI LANKA","DEMOCRATIC SOCIALIST REPUBLIC OF SRI LANKA","SRI LANKA",
144,1000/01/01 00:00:00,1000/01/01 00:00:00,"ES","SRI LANKA","REPUBLICA SOCIALISTA DEMOCRATICA DE SRI LANKA","SRI LANKA",
144,1000/01/01 00:00:00,1000/01/01 00:00:00,"FR","SRI LANKA","REPUBLIQUE SOCIALISTE DEMOCRATIQUE DE SRI LANKA","SRI LANKA",
148,1000/01/01 00:00:00,1000/01/01 00:00:00,"DE","TSCHAD","REPUBLIK TSCHAD","TSCHAD",
148,1000/01/01 00:00:00,1000/01/01 00:00:00,"EN","CHAD","REPUBLIC OF CHAD","CHAD",
148,1000/01/01 00:00:00,1000/01/01 00:00:00,"ES","CHAD","REPUBLICA DE CHAD","CHAD",
148,1000/01/01 00:00:00,1000/01/01 00:00:00,"FR","TCHAD","REPUBLIQUE DU TCHAD","TCHAD",
152,1000/01/01 00:00:00,1000/01/01 00:00:00,"DE","CHILE","REPUBLIK CHILE","CHILE",
152,1000/01/01 00:00:00,1000/01/01 00:00:00,"EN","CHILE","REPUBLIC OF CHILE","CHILE",
152,1000/01/01 00:00:00,1000/01/01 00:00:00,"ES","CHILE","REPUBLICA DE CHILE","CHILE",
152,1000/01/01 00:00:00,1000/01/01 00:00:00,"FR","CHILI","REPUBLIQUE DU CHILI","CHILI",
156,1000/01/01 00:00:00,1000/01/01 00:00:00,"DE","CHINA","VOLKSREPUBLIK CHINA","CHINA",
156,1000/01/01 00:00:00,1000/01/01 00:00:00,"EN","CHINA","PEOPLE'S REPUBLIC OF CHINA","CHINA",
156,1000/01/01 00:00:00,1000/01/01 00:00:00,"ES","CHINA","REPUBLICA DEL PUEBLO DE CHINA","CHINA",
156,1000/01/01 00:00:00,1000/01/01 00:00:00,"FR","CHINE","REPUBLIQUE POPULAIRE DE CHINE","CHINE",
158,1000/01/01 00:00:00,1000/01/01 00:00:00,"DE","TAIWAN",,"TAIWAN","FORMOSA"
158,1000/01/01 00:00:00,1000/01/01 00:00:00,"EN","TAIWAN, PROVINCE OF CHINA",,"TAIWAN",
158,1000/01/01 00:00:00,1000/01/01 00:00:00,"ES","TAIWAN, PROVINCIA DE CHINA",,"TAIWAN",
158,1000/01/01 00:00:00,1000/01/01 00:00:00,"FR","TAIWAN, PROVINCE DE CHINE",,"TAIWAN",
170,1000/01/01 00:00:00,1000/01/01 00:00:00,"DE","KOLUMBIEN","REPUBLIK KOLUMBIEN","KOLUMBIEN",
170,1000/01/01 00:00:00,1000/01/01 00:00:00,"EN","COLOMBIA","REPUBLIC OF COLOMBIA","COLOMBIA",
170,1000/01/01 00:00:00,1000/01/01 00:00:00,"ES","COLOMBIA","REPUBLICA DE COLOMBIA","COLOMBIA",
170,1000/01/01 00:00:00,1000/01/01 00:00:00,"FR","COLOMBIE","REPUBLIQUE DE COLOMBIE","COLOMBIE",
174,1000/01/01 00:00:00,1000/01/01 00:00:00,"DE","KOMOREN","UNION DER KOMOREN","KOMOREN",
174,1000/01/01 00:00:00,1000/01/01 00:00:00,"EN","COMOROS","UNION OF THE COMOROS","COMOROS",
174,1000/01/01 00:00:00,1000/01/01 00:00:00,"ES","COMORAS","UNION DE LAS COMORAS","COMORAS",
174,1000/01/01 00:00:00,1000/01/01 00:00:00,"FR","COMORES","UNION DES COMORES","COMORES",
178,1000/01/01 00:00:00,1000/01/01 00:00:00,"DE","KONGO","REPUBLIK KONGO","KONGO",
178,1000/01/01 00:00:00,1000/01/01 00:00:00,"EN","CONGO","REPUBLIC OF THE CONGO","CONGO",
178,1000/01/01 00:00:00,1000/01/01 00:00:00,"ES","CONGO","REPUBLICA DEL CONGO","CONGO",
178,1000/01/01 00:00:00,1000/01/01 00:00:00,"FR","CONGO","REPUBLIQUE DU CONGO","CONGO",
180,1000/01/01 00:00:00,1000/01/01 00:00:00,"DE","ZAIRE","REPUBLIK ZAIRE","ZAIRE",
180,1000/01/01 00:00:00,1000/01/01 00:00:00,"EN","ZAIRE","REPUBLIC OF ZAIRE","ZAIRE",
180,1000/01/01 00:00:00,1000/01/01 00:00:00,"ES","ZAIRE","REPUBLICA DE ZAIRE","ZAIRE",
180,1000/01/01 00:00:00,1000/01/01 00:00:00,"FR","ZAIRE","REPUBLIQUE DU ZAIRE","ZAIRE",
180,1000/01/01 00:00:00,1997/05/30 00:00:00,"DE","KONGO, DEMOKRATISCHE REPUBLIK","DEMOKRATISCHE REPUBLIK KONGO","DEMOK.REP.KONGO",
180,1000/01/01 00:00:00,1997/05/30 00:00:00,"EN","CONGO, THE DEMOCRATIC REPUBLIC OF THE","THE DEMOCRATIC REPUBLIC OF THE CONGO","DEMOC.REP.CONGO",
180,1000/01/01 00:00:00,1997/05/30 00:00:00,"ES","CONGO, LA REPUBLICA DEMOCRATICA DEL","LA REPUBLICA DEMOCRATICA DEL CONGO","REP.DEMO.CONGO",
180,1000/01/01 00:00:00,1997/05/30 00:00:00,"FR","CONGO, LA REPUBLIQUE DEMOCRATIQUE DU","LA REPUBLIQUE DEMOCRATIQUE DU CONGO","REP.DEMOC.CONGO",
188,1000/01/01 00:00:00,1000/01/01 00:00:00,"DE","COSTA RICA","REPUBLIK COSTA RICA","COSTA RICA",
188,1000/01/01 00:00:00,1000/01/01 00:00:00,"EN","COSTA RICA","REPUBLIC OF COSTA RICA","COSTA RICA",
188,1000/01/01 00:00:00,1000/01/01 00:00:00,"ES","COSTA RICA","REPUBLICA DE COSTA RICA","COSTA RICA",
188,1000/01/01 00:00:00,1000/01/01 00:00:00,"FR","COSTA RICA","REPUBLIQUE DU COSTA RICA","COSTA RICA",
191,1992/01/01 00:00:00,1992/01/01 00:00:00,"DE","KROATIEN","REPUBLIK KROATIEN","KROATIEN",
191,1992/01/01 00:00:00,1992/01/01 00:00:00,"EN","CROATIA","REPUBLIC OF CROATIA","CROATIA",
191,1992/01/01 00:00:00,1992/01/01 00:00:00,"ES","CROACIA","REPUBLICA DE CROACIA","CROACIA",
191,1992/01/01 00:00:00,1992/01/01 00:00:00,"FR","CROATIE","REPUBLIQUE DE CROATIE","CROATIE",
192,1000/01/01 00:00:00,1000/01/01 00:00:00,"DE","KUBA","REPUBLIK KUBA","KUBA",
192,1000/01/01 00:00:00,1000/01/01 00:00:00,"EN","CUBA","REPUBLIC OF CUBA","CUBA",
192,1000/01/01 00:00:00,1000/01/01 00:00:00,"ES","CUBA","REPUBLICA DE CUBA","CUBA",
192,1000/01/01 00:00:00,1000/01/01 00:00:00,"FR","CUBA","REPUBLIQUE DE CUBA","CUBA",
196,1000/01/01 00:00:00,1000/01/01 00:00:00,"DE","ZYPERN","REPUBLIK ZYPERN","ZYPERN",
196,1000/01/01 00:00:00,1000/01/01 00:00:00,"EN","CYPRUS","REPUBLIC OF CYPRUS","CYPRUS",
196,1000/01/01 00:00:00,1000/01/01 00:00:00,"ES","CHIPRE","REPUBLICA DE CHIPRE","CHIPRE",
196,1000/01/01 00:00:00,1000/01/01 00:00:00,"FR","CHYPRE","REPUBLIQUE DE CHYPRE","CHYPRE",
200,1000/01/01 00:00:00,1000/01/01 00:00:00,"DE","TSCHECHOSLOWAKEI",,"TSCHECHOSLOWAK.",
200,1000/01/01 00:00:00,1000/01/01 00:00:00,"EN","CZECHOSLOVAKIA",,"CZECHOSLOVAKIA",
200,1000/01/01 00:00:00,1000/01/01 00:00:00,"ES","CHECOSLOVAQUIA",,"CHECOSLOVAQUIA",
200,1000/01/01 00:00:00,1000/01/01 00:00:00,"FR","TCHECOSLOVAQUIE",,"TCHECOSLOVAQUIE",
203,1993/01/01 00:00:00,1993/01/01 00:00:00,"DE","TSCHECHISCHE REPUBLIK",,"TSCHECHIEN",
203,1993/01/01 00:00:00,1993/01/01 00:00:00,"EN","CZECH REPUBLIC",,"CZECH REPUBLIC",
203,1993/01/01 00:00:00,1993/01/01 00:00:00,"ES","REPUBLICA CHECA",,"REPUBLICA CHECA",
203,1993/01/01 00:00:00,1993/01/01 00:00:00,"FR","TCHEQUE, REPUBLIQUE","REPUBLIQUE TCHEQUE","REP.TCHEQUE",
204,1000/01/01 00:00:00,1000/01/01 00:00:00,"DE","BENIN","REPUBLIK BENIN","BENIN","DAHOMEY"
204,1000/01/01 00:00:00,1000/01/01 00:00:00,"EN","BENIN","REPUBLIC OF BENIN","BENIN",
204,1000/01/01 00:00:00,1000/01/01 00:00:00,"ES","BENIN","REPUBLICA DE BENIN","BENIN",
204,1000/01/01 00:00:00,1000/01/01 00:00:00,"FR","BENIN","REPUBLIQUE DU BENIN","BENIN",
208,1000/01/01 00:00:00,1000/01/01 00:00:00,"DE","DAENEMARK","KOENIGREICH DAENEMARK","DAENEMARK",
208,1000/01/01 00:00:00,1000/01/01 00:00:00,"EN","DENMARK","KINGDOM OF DENMARK","DENMARK",
208,1000/01/01 00:00:00,1000/01/01 00:00:00,"ES","DINAMARCA","REINO DE DINAMARCA","DINAMARCA",
208,1000/01/01 00:00:00,1000/01/01 00:00:00,"FR","DANEMARK","ROYAUME DU DANEMARK","DANEMARK",
212,1000/01/01 00:00:00,1000/01/01 00:00:00,"DE","DOMINICA","COMMONWEALTH DOMINICA","DOMINICA",
212,1000/01/01 00:00:00,1000/01/01 00:00:00,"EN","DOMINICA","COMMONWEALTH OF DOMINICA","DOMINICA",
212,1000/01/01 00:00:00,1000/01/01 00:00:00,"ES","DOMINICA","COMMONWEALTH DE DOMINICA","DOMINICA",
212,1000/01/01 00:00:00,1000/01/01 00:00:00,"FR","DOMINIQUE","COMMONWEALTH DE DOMINIQUE","DOMINIQUE",
214,1000/01/01 00:00:00,1000/01/01 00:00:00,"DE","DOMINIKANISCHE REPUBLIK",,"DOMINIKAN.REP",
214,1000/01/01 00:00:00,1000/01/01 00:00:00,"EN","DOMINICAN REPUBLIC",,"DOMINICAN REP.",
214,1000/01/01 00:00:00,1000/01/01 00:00:00,"ES","REPUBLICA DOMINICANA",,"REP.DOMINICANA",
214,1000/01/01 00:00:00,1000/01/01 00:00:00,"FR","DOMINICAINE, REPUBLIQUE","REPUBLIQUE DOMINICAINE","REP.DOMINICAINE",
218,1000/01/01 00:00:00,1000/01/01 00:00:00,"DE","ECUADOR","REPUBLIK ECUADOR","ECUADOR",
218,1000/01/01 00:00:00,1000/01/01 00:00:00,"EN","ECUADOR","REPUBLIC OF ECUADOR","ECUADOR",
218,1000/01/01 00:00:00,1000/01/01 00:00:00,"ES","ECUADOR","REPUBLICA DE ECUADOR","ECUADOR",
218,1000/01/01 00:00:00,1000/01/01 00:00:00,"FR","EQUATEUR","REPUBLIQUE DE L'EQUATEUR","EQUATEUR",
222,1000/01/01 00:00:00,1000/01/01 00:00:00,"DE","EL SALVADOR","REPUBLIK EL SALVADOR","EL SALVADOR",
222,1000/01/01 00:00:00,1000/01/01 00:00:00,"EN","EL SALVADOR","REPUBLIC OF EL SALVADOR","EL SALVADOR",
222,1000/01/01 00:00:00,1000/01/01 00:00:00,"ES","EL SALVADOR","REPUBLICA DEL SALVADOR","EL SALVADOR",
222,1000/01/01 00:00:00,1000/01/01 00:00:00,"FR","EL SALVADOR","REPUBLIQUE D'EL SALVADOR","EL SALVADOR",
226,1000/01/01 00:00:00,1000/01/01 00:00:00,"DE","AEQUATORIALGUINEA","REPUBLIK AEQUATORIALGUINEA","AEQUAT.GUINEA",
226,1000/01/01 00:00:00,1000/01/01 00:00:00,"EN","EQUATORIAL GUINEA","REPUBLIC OF EQUATORIAL GUINEA","EQUAT.GUINEA",
226,1000/01/01 00:00:00,1000/01/01 00:00:00,"ES","GUINEA ECUATORIAL","REPUBLICA DE GUINEA ECUATORIAL","GUINEA ECUATOR.",
226,1000/01/01 00:00:00,1000/01/01 00:00:00,"FR","GUINEE EQUATORIALE","REPUBLIQUE DE GUINEE EQUATORIALE","GUINEE EQUATOR.",
230,1000/01/01 00:00:00,1000/01/01 00:00:00,"DE","AETHIOPIEN",,"AETHIOPIEN",
230,1000/01/01 00:00:00,1000/01/01 00:00:00,"EN","ETHIOPIA",,"ETHIOPIA",
230,1000/01/01 00:00:00,1000/01/01 00:00:00,"ES","ETIOPIA",,"ETIOPIA",
230,1000/01/01 00:00:00,1000/01/01 00:00:00,"FR","ETHIOPIE",,"ETHIOPIE",
231,1993/05/24 00:00:00,1993/05/24 00:00:00,"DE","AETHIOPIEN","DEMOKRATISCHE BUNDESREPUBLIK AETHIOPIEN","AETHIOPIEN",
231,1993/05/24 00:00:00,1993/05/24 00:00:00,"EN","ETHIOPIA","FEDERAL DEMOCRATIC REPUBLIC OF ETHIOPIA","ETHIOPIA",
231,1993/05/24 00:00:00,1993/05/24 00:00:00,"ES","ETIOPIA","REPUBLICA FEDERAL DEMOCRATICA DE ETIOPIA","ETIOPIA",
231,1993/05/24 00:00:00,1993/05/24 00:00:00,"FR","ETHIOPIE","REPUBLIQUE FEDERALE DEMOCRATIQUE D'ETHIOPIE","ETHIOPIE",
232,1993/05/24 00:00:00,1993/05/24 00:00:00,"DE","ERITREA",,"ERITREA",
232,1993/05/24 00:00:00,1993/05/24 00:00:00,"EN","ERITREA",,"ERITREA",
232,1993/05/24 00:00:00,1993/05/24 00:00:00,"ES","ERITREA",,"ERITREA",
232,1993/05/24 00:00:00,1993/05/24 00:00:00,"FR","ERYTHREE",,"ERYTHREE",
233,1992/01/01 00:00:00,1992/01/01 00:00:00,"DE","ESTLAND","REPUBLIK ESTLAND","ESTLAND",
233,1992/01/01 00:00:00,1992/01/01 00:00:00,"EN","ESTONIA","REPUBLIC OF ESTONIA","ESTONIA",
233,1992/01/01 00:00:00,1992/01/01 00:00:00,"ES","ESTONIA","REPUBLICA DE ESTONIA","ESTONIA",
233,1992/01/01 00:00:00,1992/01/01 00:00:00,"FR","ESTONIE","REPUBLIQUE D'ESTONIE","ESTONIE",
242,1000/01/01 00:00:00,1000/01/01 00:00:00,"DE","FIDSCHI","REPUBLIK FIDSCHI","FIDSCHI",
242,1000/01/01 00:00:00,1000/01/01 00:00:00,"EN","FIJI","REPUBLIC OF FIJI","FIJI",
242,1000/01/01 00:00:00,1000/01/01 00:00:00,"ES","FIJI","REPUBLICA DE FIJI","FIJI",
242,1000/01/01 00:00:00,1000/01/01 00:00:00,"FR","FIDJI","REPUBLIQUE DES FIDJI","FIDJI",
246,1000/01/01 00:00:00,1000/01/01 00:00:00,"DE","FINNLAND","REPUBLIK FINNLAND","FINNLAND",
246,1000/01/01 00:00:00,1000/01/01 00:00:00,"EN","FINLAND","REPUBLIC OF FINLAND","FINLAND",
246,1000/01/01 00:00:00,1000/01/01 00:00:00,"ES","FINLANDIA","REPUBLICA DE FINLANDIA","FINLANDIA",
246,1000/01/01 00:00:00,1000/01/01 00:00:00,"FR","FINLANDE","REPUBLIQUE DE FINLANDE","FINLANDE",
250,1000/01/01 00:00:00,1000/01/01 00:00:00,"DE","FRANKREICH","FRANZOESISCHE REPUBLIK","FRANKREICH",
250,1000/01/01 00:00:00,1000/01/01 00:00:00,"EN","FRANCE","FRENCH REPUBLIC","FRANCE",
250,1000/01/01 00:00:00,1000/01/01 00:00:00,"ES","FRANCIA","REPUBLICA FRANCESA","FRANCIA",
250,1000/01/01 00:00:00,1000/01/01 00:00:00,"FR","FRANCE","REPUBLIQUE FRANCAISE","FRANCE",
258,1000/01/01 00:00:00,1000/01/01 00:00:00,"DE","FRANZOESISCH-POLYNESIEN","TERRITORIUM FRANZOESISCH-POLYNESIEN","FR.POLYNESIEN",
258,1000/01/01 00:00:00,1000/01/01 00:00:00,"EN","FRENCH POLYNESIA",,"FR.POLYNESIA",
258,1000/01/01 00:00:00,1000/01/01 00:00:00,"ES","POLINESIA FRANCESA",,"POLINESIA FR.",
258,1000/01/01 00:00:00,1000/01/01 00:00:00,"FR","POLYNESIE FRANCAISE",,"POLYNESIE FR.",
262,1000/01/01 00:00:00,1000/01/01 00:00:00,"DE","DSCHIBUTI","REPUBLIK DSCHIBUTI","DSCHIBUTI",
262,1000/01/01 00:00:00,1000/01/01 00:00:00,"EN","DJIBOUTI","REPUBLIC OF DJIBOUTI","DJIBOUTI",
262,1000/01/01 00:00:00,1000/01/01 00:00:00,"ES","DJIBOUTI","REPUBLICA DE DJIBOUTI","DJIBOUTI",
262,1000/01/01 00:00:00,1000/01/01 00:00:00,"FR","DJIBOUTI","REPUBLIQUE DE DJIBOUTI","DJIBOUTI",
266,1000/01/01 00:00:00,1000/01/01 00:00:00,"DE","GABUN","GABUNISCHE REPUBLIK","GABUN",
266,1000/01/01 00:00:00,1000/01/01 00:00:00,"EN","GABON","GABONESE REPUBLIC","GABON",
266,1000/01/01 00:00:00,1000/01/01 00:00:00,"ES","GABON","REPUBLICA GABONESA","GABON",
266,1000/01/01 00:00:00,1000/01/01 00:00:00,"FR","GABON","REPUBLIQUE GABONAISE","GABON",
268,1992/01/01 00:00:00,1992/01/01 00:00:00,"DE","GEORGIEN",,"GEORGIEN",
268,1992/01/01 00:00:00,1992/01/01 00:00:00,"EN","GEORGIA",,"GEORGIA",
268,1992/01/01 00:00:00,1992/01/01 00:00:00,"ES","GEORGIA",,"GEORGIA",
268,1992/01/01 00:00:00,1992/01/01 00:00:00,"FR","GEORGIE",,"GEORGIE",
270,1000/01/01 00:00:00,1000/01/01 00:00:00,"DE","GAMBIA","REPUBLIK GAMBIA","GAMBIA",
270,1000/01/01 00:00:00,1000/01/01 00:00:00,"EN","GAMBIA","REPUBLIC OF THE GAMBIA","GAMBIA",
270,1000/01/01 00:00:00,1000/01/01 00:00:00,"ES","GAMBIA","REPUBLICA DE GAMBIA","GAMBIA",
270,1000/01/01 00:00:00,1000/01/01 00:00:00,"FR","GAMBIE","REPUBLIQUE DE GAMBIE","GAMBIE",
276,1990/10/03 00:00:00,1990/10/03 00:00:00,"DE","DEUTSCHLAND","BUNDESREPUBLIK DEUTSCHLAND","DEUTSCHLAND",
276,1990/10/03 00:00:00,1990/10/03 00:00:00,"EN","GERMANY","FEDERAL REPUBLIC OF GERMANY","GERMANY",
276,1990/10/03 00:00:00,1990/10/03 00:00:00,"ES","ALEMANIA","REPUBLICA FEDERAL DE ALEMANIA","ALEMANIA",
276,1990/10/03 00:00:00,1990/10/03 00:00:00,"FR","ALLEMAGNE","REPUBLIQUE FEDERALE D'ALLEMAGNE","ALLEMAGNE",
278,1000/01/01 00:00:00,1000/01/01 00:00:00,"DE","DEUTSCHE DEMOKRATISCHE REPUBLIK",,"DDR",
278,1000/01/01 00:00:00,1000/01/01 00:00:00,"EN","GERMAN DEMOCRATIC REPUBLIC",,"GDR",
278,1000/01/01 00:00:00,1000/01/01 00:00:00,"ES","REPUBLICA DEMOCRATICA ALEMANA",,"RDA",
278,1000/01/01 00:00:00,1000/01/01 00:00:00,"FR","ALLEMANDE, REPUBLIQUE DEMOCRATIQUE",,"RDA",
280,1000/01/01 00:00:00,1000/01/01 00:00:00,"DE","DEUTSCHLAND","BUNDESREPUBLIK DEUTSCHLAND","DEUTSCHLAND",
280,1000/01/01 00:00:00,1000/01/01 00:00:00,"EN","GERMANY","FEDERAL REPUBLIC OF GERMANY","GERMANY",
280,1000/01/01 00:00:00,1000/01/01 00:00:00,"ES","ALEMANIA","REPUBLICA FEDERAL DE ALEMANIA","ALEMANIA",
280,1000/01/01 00:00:00,1000/01/01 00:00:00,"FR","ALLEMAGNE","REPUBLIQUE FEDERALE D'ALLEMAGNE","ALLEMAGNE",
288,1000/01/01 00:00:00,1000/01/01 00:00:00,"DE","GHANA","REPUBLIK GHANA","GHANA",
288,1000/01/01 00:00:00,1000/01/01 00:00:00,"EN","GHANA","REPUBLIC OF GHANA","GHANA",
288,1000/01/01 00:00:00,1000/01/01 00:00:00,"ES","GHANA","REPUBLICA DE GHANA","GHANA",
288,1000/01/01 00:00:00,1000/01/01 00:00:00,"FR","GHANA","REPUBLIQUE DU GHANA","GHANA",
296,1000/01/01 00:00:00,1000/01/01 00:00:00,"DE","KIRIBATI","REPUBLIK KIRIBATI","KIRIBATI",
296,1000/01/01 00:00:00,1000/01/01 00:00:00,"EN","KIRIBATI","REPUBLIC OF KIRIBATI","KIRIBATI",
296,1000/01/01 00:00:00,1000/01/01 00:00:00,"ES","KIRIBATI","REPUBLICA DE KIRIBATI","KIRIBATI",
296,1000/01/01 00:00:00,1000/01/01 00:00:00,"FR","KIRIBATI","REPUBLIQUE DE KIRIBATI","KIRIBATI",
300,1000/01/01 00:00:00,1000/01/01 00:00:00,"DE","GRIECHENLAND","HELLENISCHE REPUBLIK","GRIECHENLAND",
300,1000/01/01 00:00:00,1000/01/01 00:00:00,"EN","GREECE","HELLENIC REPUBLIC","GREECE",
300,1000/01/01 00:00:00,1000/01/01 00:00:00,"ES","GRECIA","REPUBLICA HELENICA","GRECIA",
300,1000/01/01 00:00:00,1000/01/01 00:00:00,"FR","GRECE","REPUBLIQUE HELLENIQUE","GRECE",
308,1000/01/01 00:00:00,1000/01/01 00:00:00,"DE","GRENADA",,"GRENADA",
308,1000/01/01 00:00:00,1000/01/01 00:00:00,"EN","GRENADA",,"GRENADA",
308,1000/01/01 00:00:00,1000/01/01 00:00:00,"ES","GRANADA",,"GRANADA",
308,1000/01/01 00:00:00,1000/01/01 00:00:00,"FR","GRENADE",,"GRENADE",
320,1000/01/01 00:00:00,1000/01/01 00:00:00,"DE","GUATEMALA","REPUBLIK GUATEMALA","GUATEMALA",
320,1000/01/01 00:00:00,1000/01/01 00:00:00,"EN","GUATEMALA","REPUBLIC OF GUATEMALA","GUATEMALA",
320,1000/01/01 00:00:00,1000/01/01 00:00:00,"ES","GUATEMALA","REPUBLICA DE GUATEMALA","GUATEMALA",
320,1000/01/01 00:00:00,1000/01/01 00:00:00,"FR","GUATEMALA","REPUBLIQUE DU GUATEMALA","GUATEMALA",
324,1000/01/01 00:00:00,1000/01/01 00:00:00,"DE","GUINEA","REPUBLIK GUINEA","GUINEA",
324,1000/01/01 00:00:00,1000/01/01 00:00:00,"EN","GUINEA","REPUBLIC OF GUINEA","GUINEA",
324,1000/01/01 00:00:00,1000/01/01 00:00:00,"ES","GUINEA","REPUBLICA DE GUINEA","GUINEA",
324,1000/01/01 00:00:00,1000/01/01 00:00:00,"FR","GUINEE","REPUBLIQUE DE GUINEE","GUINEE",
328,1000/01/01 00:00:00,1000/01/01 00:00:00,"DE","GUYANA","KOOPERATIVE REPUBLIK GUYANA","GUYANA",
328,1000/01/01 00:00:00,1000/01/01 00:00:00,"EN","GUYANA","REPUBLIC OF GUYANA","GUYANA",
328,1000/01/01 00:00:00,1000/01/01 00:00:00,"ES","GUYANA","REPUBLICA DE GUYANA","GUYANA",
328,1000/01/01 00:00:00,1000/01/01 00:00:00,"FR","GUYANA","REPUBLIQUE DU GUYANA","GUYANA",
332,1000/01/01 00:00:00,1000/01/01 00:00:00,"DE","HAITI","REPUBLIK HAITI","HAITI",
332,1000/01/01 00:00:00,1000/01/01 00:00:00,"EN","HAITI","REPUBLIC OF HAITI","HAITI",
332,1000/01/01 00:00:00,1000/01/01 00:00:00,"ES","HAITI","REPUBLICA DE HAITI","HAITI",
332,1000/01/01 00:00:00,1000/01/01 00:00:00,"FR","HAITI","REPUBLIQUE D'HAITI","HAITI",
336,1000/01/01 00:00:00,1000/01/01 00:00:00,"DE","HEILIGER STUHL (VATIKANSTADT)",,"VATIKAN",
336,1000/01/01 00:00:00,1000/01/01 00:00:00,"EN","HOLY SEE (VATICAN CITY STATE)",,"VATICAN",
336,1000/01/01 00:00:00,1000/01/01 00:00:00,"ES","SANTA SEDE (ESTADO DE LA CIUDAD DEL VATICANO)",,"VATICANO",
336,1000/01/01 00:00:00,1000/01/01 00:00:00,"FR","SAINT-SIEGE (ETAT DE LA CITE DU VATICAN)",,"VATICAN",
340,1000/01/01 00:00:00,1000/01/01 00:00:00,"DE","HONDURAS","REPUBLIK HONDURAS","HONDURAS",
340,1000/01/01 00:00:00,1000/01/01 00:00:00,"EN","HONDURAS","REPUBLIC OF HONDURAS","HONDURAS",
340,1000/01/01 00:00:00,1000/01/01 00:00:00,"ES","HONDURAS","REPUBLICA DE HONDURAS","HONDURAS",
340,1000/01/01 00:00:00,1000/01/01 00:00:00,"FR","HONDURAS","REPUBLIQUE DU HONDURAS","HONDURAS",
344,1000/01/01 00:00:00,1000/01/01 00:00:00,"DE","HONGKONG","SONDERVERWALTUNGSREGION HONGKONG","HONGKONG",
344,1000/01/01 00:00:00,1000/01/01 00:00:00,"EN","HONG KONG","HONG KONG SPECIAL ADMINISTRATIVE REGION OF CHINA","HONG KONG",
344,1000/01/01 00:00:00,1000/01/01 00:00:00,"ES","HONG KONG","REGION ADMINISTRATIVA ESPECIAL DE HONG KONG","HONG KONG",
344,1000/01/01 00:00:00,1000/01/01 00:00:00,"FR","HONG KONG","HONG KONG REGION ADMINISTRATIVE SPECIALE DE CHINE","HONG KONG",
348,1000/01/01 00:00:00,1000/01/01 00:00:00,"DE","UNGARN","UNGARN","UNGARN",
348,1000/01/01 00:00:00,1000/01/01 00:00:00,"EN","HUNGARY","HUNGARY","HUNGARY",
348,1000/01/01 00:00:00,1000/01/01 00:00:00,"ES","HUNGRIA","HUNGRIA","HUNGRIA",
348,1000/01/01 00:00:00,1000/01/01 00:00:00,"FR","HONGRIE","HONGRIE","HONGRIE",
352,1000/01/01 00:00:00,1000/01/01 00:00:00,"DE","ISLAND","REPUBLIK ISLAND","ISLAND",
352,1000/01/01 00:00:00,1000/01/01 00:00:00,"EN","ICELAND","REPUBLIC OF ICELAND","ICELAND",
352,1000/01/01 00:00:00,1000/01/01 00:00:00,"ES","ISLANDIA","REPUBLICA DE ISLANDIA","ISLANDIA",
352,1000/01/01 00:00:00,1000/01/01 00:00:00,"FR","ISLANDE","REPUBLIQUE D'ISLANDE","ISLANDE",
356,1000/01/01 00:00:00,1000/01/01 00:00:00,"DE","INDIEN","REPUBLIK INDIEN","INDIEN",
356,1000/01/01 00:00:00,1000/01/01 00:00:00,"EN","INDIA","REPUBLIC OF INDIA","INDIA",
356,1000/01/01 00:00:00,1000/01/01 00:00:00,"ES","INDIA","REPUBLICA DE INDIA","INDIA",
356,1000/01/01 00:00:00,1000/01/01 00:00:00,"FR","INDE","REPUBLIQUE DE L'INDE","INDE",
360,1000/01/01 00:00:00,1000/01/01 00:00:00,"DE","INDONESIEN","REPUBLIK INDONESIEN","INDONESIEN",
360,1000/01/01 00:00:00,1000/01/01 00:00:00,"EN","INDONESIA","REPUBLIC OF INDONESIA","INDONESIA",
360,1000/01/01 00:00:00,1000/01/01 00:00:00,"ES","INDONESIA","REPUBLICA DE INDONESIA","INDONESIA",
360,1000/01/01 00:00:00,1000/01/01 00:00:00,"FR","INDONESIE","REPUBLIQUE D'INDONESIE","INDONESIE",
364,1000/01/01 00:00:00,1000/01/01 00:00:00,"DE","IRAN, ISLAMISCHE REPUBLIK","ISLAMISCHE REPUBLIK IRAN","IRAN","PERSIEN"
364,1000/01/01 00:00:00,1000/01/01 00:00:00,"EN","IRAN, ISLAMIC REPUBLIC OF","ISLAMIC REPUBLIC OF IRAN","IRAN",
364,1000/01/01 00:00:00,1000/01/01 00:00:00,"ES","IRAN, REPUBLICA ISLAMICA DE","REPUBLICA ISLAMICA DE IRAN","IRAN",
364,1000/01/01 00:00:00,1000/01/01 00:00:00,"FR","IRAN, REPUBLIQUE ISLAMIQUE D'","REPUBLIQUE ISLAMIQUE D'IRAN","IRAN",
368,1000/01/01 00:00:00,1000/01/01 00:00:00,"DE","IRAK","REPUBLIK IRAK","IRAK",
368,1000/01/01 00:00:00,1000/01/01 00:00:00,"EN","IRAQ","REPUBLIC OF IRAQ","IRAQ",
368,1000/01/01 00:00:00,1000/01/01 00:00:00,"ES","IRAQ","REPUBLICA DE IRAQ","IRAQ",
368,1000/01/01 00:00:00,1000/01/01 00:00:00,"FR","IRAQ","REPUBLIQUE D'IRAQ","IRAQ",
372,1000/01/01 00:00:00,1000/01/01 00:00:00,"DE","IRLAND",,"IRLAND",
372,1000/01/01 00:00:00,1000/01/01 00:00:00,"EN","IRELAND",,"IRELAND",
372,1000/01/01 00:00:00,1000/01/01 00:00:00,"ES","IRLANDA",,"IRLANDA",
372,1000/01/01 00:00:00,1000/01/01 00:00:00,"FR","IRLANDE",,"IRLANDE",
376,1000/01/01 00:00:00,1000/01/01 00:00:00,"DE","ISRAEL","STAAT ISRAEL","ISRAEL",
376,1000/01/01 00:00:00,1000/01/01 00:00:00,"EN","ISRAEL","STATE OF ISRAEL","ISRAEL",
376,1000/01/01 00:00:00,1000/01/01 00:00:00,"ES","ISRAEL","ESTADO DE ISRAEL","ISRAEL",
376,1000/01/01 00:00:00,1000/01/01 00:00:00,"FR","ISRAEL","ETAT D'ISRAEL","ISRAEL",
380,1000/01/01 00:00:00,1000/01/01 00:00:00,"DE","ITALIEN","ITALIENISCHE REPUBLIK","ITALIEN",
380,1000/01/01 00:00:00,1000/01/01 00:00:00,"EN","ITALY","ITALIAN REPUBLIC","ITALY",
380,1000/01/01 00:00:00,1000/01/01 00:00:00,"ES","ITALIA","REPUBLICA ITALIANA","ITALIA",
380,1000/01/01 00:00:00,1000/01/01 00:00:00,"FR","ITALIE","REPUBLIQUE ITALIENNE","ITALIE",
384,1000/01/01 00:00:00,1000/01/01 00:00:00,"DE","COTE D'IVOIRE","REPUBLIK COTE D'IVOIRE","COTE D'IVOIRE","ELFENBEINKUESTE"
384,1000/01/01 00:00:00,1000/01/01 00:00:00,"EN","COTE D'IVOIRE","REPUBLIC OF COTE D'IVOIRE","COTE D'IVOIRE",
384,1000/01/01 00:00:00,1000/01/01 00:00:00,"ES","COSTA DE MARFIL","REPUBLICA DE COSTA DE MARFIL","COSTA DE MARFIL",
384,1000/01/01 00:00:00,1000/01/01 00:00:00,"FR","COTE D'IVOIRE","REPUBLIQUE DE COTE D'IVOIRE","COTE D'IVOIRE",
388,1000/01/01 00:00:00,1000/01/01 00:00:00,"DE","JAMAIKA",,"JAMAIKA",
388,1000/01/01 00:00:00,1000/01/01 00:00:00,"EN","JAMAICA",,"JAMAICA",
388,1000/01/01 00:00:00,1000/01/01 00:00:00,"ES","JAMAICA",,"JAMAICA",
388,1000/01/01 00:00:00,1000/01/01 00:00:00,"FR","JAMAIQUE",,"JAMAIQUE",
392,1000/01/01 00:00:00,1000/01/01 00:00:00,"DE","JAPAN",,"JAPAN",
392,1000/01/01 00:00:00,1000/01/01 00:00:00,"EN","JAPAN",,"JAPAN",
392,1000/01/01 00:00:00,1000/01/01 00:00:00,"ES","JAPAN",,"JAPAN",
392,1000/01/01 00:00:00,1000/01/01 00:00:00,"FR","JAPON",,"JAPON",
398,1992/01/01 00:00:00,1992/01/01 00:00:00,"DE","KASACHSTAN","REPUBLIK KASACHSTAN","KASACHSTAN",
398,1992/01/01 00:00:00,1992/01/01 00:00:00,"EN","KAZAKHSTAN","REPUBLIC OF KAZAKHSTAN","KAZAKHSTAN",
398,1992/01/01 00:00:00,1992/01/01 00:00:00,"ES","KAZAKSTAN","REPUBLICA DE KAZAKSTAN","KAZAKSTAN",
398,1992/01/01 00:00:00,1992/01/01 00:00:00,"FR","KAZAKHSTAN","REPUBLIQUE DU KAZAKHSTAN","KAZAKHSTAN",
400,1000/01/01 00:00:00,1000/01/01 00:00:00,"DE","JORDANIEN","HASCHEMITISCHES KOENIGREICH JORDANIEN","JORDANIEN",
400,1000/01/01 00:00:00,1000/01/01 00:00:00,"EN","JORDAN","HASHEMITE KINGDOM OF JORDAN","JORDAN",
400,1000/01/01 00:00:00,1000/01/01 00:00:00,"ES","JORDANIA","REINO HASHEMITA DE JORDANIA","JORDANIA",
400,1000/01/01 00:00:00,1000/01/01 00:00:00,"FR","JORDANIE","ROYAUME HACHEMITE DE JORDANIE","JORDANIE",
404,1000/01/01 00:00:00,1000/01/01 00:00:00,"DE","KENIA","REPUBLIK KENIA","KENIA",
404,1000/01/01 00:00:00,1000/01/01 00:00:00,"EN","KENYA","REPUBLIC OF KENYA","KENYA",
404,1000/01/01 00:00:00,1000/01/01 00:00:00,"ES","KENYA","REPUBLICA DE KENYA","KENYA",
404,1000/01/01 00:00:00,1000/01/01 00:00:00,"FR","KENYA","REPUBLIQUE DU KENYA","KENYA",
408,1000/01/01 00:00:00,1000/01/01 00:00:00,"DE","KOREA, DEMOKRATISCHE VOLKSREPUBLIK","DEMOKRATISCHE VOLKSREPUBLIK KOREA","NORD-KOREA",
408,1000/01/01 00:00:00,1000/01/01 00:00:00,"EN","KOREA, DEMOCRATIC PEOPLE'S REPUBLIC OF","DEMOCRATIC PEOPLE'S REPUBLIC OF KOREA","NORTH KOREA",
408,1000/01/01 00:00:00,1000/01/01 00:00:00,"ES","COREA, REPUBLICA DEMOCRATICA DEL PUEBLO","REPUBLICA DEMOCRATICA DEL PUEBLO DE COREA","COREA DEL NORTE",
408,1000/01/01 00:00:00,1000/01/01 00:00:00,"FR","COREE, REPUBLIQUE POPULAIRE DEMOCRATIQUE DE","REPUBLIQUE POPULAIRE DEMOCRATIQUE DE COREE","COREE DU NORD",
410,1000/01/01 00:00:00,1000/01/01 00:00:00,"DE","KOREA, REPUBLIK","REPUBLIK KOREA","SUED-KOREA",
410,1000/01/01 00:00:00,1000/01/01 00:00:00,"EN","KOREA, REPUBLIC OF","REPUBLIC OF KOREA","SOUTH KOREA",
410,1000/01/01 00:00:00,1000/01/01 00:00:00,"ES","COREA, REPUBLICA DE","REPUBLICA DE COREA","COREA DEL SUR",
410,1000/01/01 00:00:00,1000/01/01 00:00:00,"FR","COREE, REPUBLIQUE DE","REPUBLIQUE DE COREE","COREE DU SUD",
414,1000/01/01 00:00:00,1000/01/01 00:00:00,"DE","KUWAIT","STAAT KUWAIT","KUWAIT",
414,1000/01/01 00:00:00,1000/01/01 00:00:00,"EN","KUWAIT","STATE OF KUWAIT","KUWAIT",
414,1000/01/01 00:00:00,1000/01/01 00:00:00,"ES","KUWAIT","ESTADO DE KUWAIT","KUWAIT",
414,1000/01/01 00:00:00,1000/01/01 00:00:00,"FR","KOWEIT","ETAT DU KOWEIT","KOWEIT",
417,1992/01/01 00:00:00,1992/01/01 00:00:00,"DE","KIRGISISTAN","KIRGISISCHE REPUBLIK","KIRGISISTAN",
417,1992/01/01 00:00:00,1992/01/01 00:00:00,"EN","KYRGYZSTAN","KYRGYZ REPUBLIC","KYRGYZSTAN",
417,1992/01/01 00:00:00,1992/01/01 00:00:00,"ES","KIRGUISISTAN","REPUBLICA DE KIRGUISISTAN","KIRGUISISTAN",
417,1992/01/01 00:00:00,1992/01/01 00:00:00,"FR","KIRGHIZISTAN","REPUBLIQUE KIRGHIZE","KIRGHIZISTAN",
418,1000/01/01 00:00:00,1000/01/01 00:00:00,"DE","LAOS, DEMOKRATISCHE VOLKSREPUBLIK","DEMOKRATISCHE VOLKSREPUBLIK LAOS","LAOS",
418,1000/01/01 00:00:00,1000/01/01 00:00:00,"EN","LAO PEOPLE'S DEMOCRATIC REPUBLIC",,"LAO",
418,1000/01/01 00:00:00,1000/01/01 00:00:00,"ES","REPUBLICA DEMOCRATICA DEL PUEBLO DE LAO",,"LAO",
418,1000/01/01 00:00:00,1000/01/01 00:00:00,"FR","LAO, REPUBLIQUE DEMOCRATIQUE POPULAIRE","REPUBLIQUE DEMOCRATIQUE POPULAIRE LAO","LAO",
422,1000/01/01 00:00:00,1000/01/01 00:00:00,"DE","LIBANON","LIBANESISCHE REPUBLIK","LIBANON",
422,1000/01/01 00:00:00,1000/01/01 00:00:00,"EN","LEBANON","LEBANESE REPUBLIC","LEBANON",
422,1000/01/01 00:00:00,1000/01/01 00:00:00,"ES","LIBANO","REPUBLICA LIBANESA","LIBANO",
422,1000/01/01 00:00:00,1000/01/01 00:00:00,"FR","LIBAN","REPUBLIQUE LIBANAISE","LIBAN",
426,1000/01/01 00:00:00,1000/01/01 00:00:00,"DE","LESOTHO","KOENIGREICH LESOTHO","LESOTHO",
426,1000/01/01 00:00:00,1000/01/01 00:00:00,"EN","LESOTHO","KINGDOM OF LESOTHO","LESOTHO",
426,1000/01/01 00:00:00,1000/01/01 00:00:00,"ES","LESOTHO","REINO DE LESOTHO","LESOTHO",
426,1000/01/01 00:00:00,1000/01/01 00:00:00,"FR","LESOTHO","ROYAUME DU LESOTHO","LESOTHO",
428,1992/01/01 00:00:00,1992/01/01 00:00:00,"DE","LETTLAND","REPUBLIK LETTLAND","LETTLAND",
428,1992/01/01 00:00:00,1992/01/01 00:00:00,"EN","LATVIA","REPUBLIC OF LATVIA","LATVIA",
428,1992/01/01 00:00:00,1992/01/01 00:00:00,"ES","LETONIA","REPUBLICA DE LETONIA","LETONIA",
428,1992/01/01 00:00:00,1992/01/01 00:00:00,"FR","LETTONIE","REPUBLIQUE DE LETTONIE","LETTONIE",
430,1000/01/01 00:00:00,1000/01/01 00:00:00,"DE","LIBERIA","REPUBLIK LIBERIA","LIBERIA",
430,1000/01/01 00:00:00,1000/01/01 00:00:00,"EN","LIBERIA","REPUBLIC OF LIBERIA","LIBERIA",
430,1000/01/01 00:00:00,1000/01/01 00:00:00,"ES","LIBERIA","REPUBLICA DE LIBERIA","LIBERIA",
430,1000/01/01 00:00:00,1000/01/01 00:00:00,"FR","LIBERIA","REPUBLIQUE DU LIBERIA","LIBERIA",
434,1000/01/01 00:00:00,1000/01/01 00:00:00,"DE","LIBYEN","STAAT LIBYEN","LIBYEN",
434,1000/01/01 00:00:00,1000/01/01 00:00:00,"EN","LIBYA","STATE OF LIBYA","LIBYA",
434,1000/01/01 00:00:00,1000/01/01 00:00:00,"ES","LIBIA","ESTADO DE LIBIA","LIBIA",
434,1000/01/01 00:00:00,1000/01/01 00:00:00,"FR","LIBYE","L’ETAT DE LIBYE","LIBYE",
438,1000/01/01 00:00:00,1000/01/01 00:00:00,"DE","LIECHTENSTEIN","FUERSTENTUM LIECHTENSTEIN","LIECHTENSTEIN",
438,1000/01/01 00:00:00,1000/01/01 00:00:00,"EN","LIECHTENSTEIN","PRINCIPALITY OF LIECHTENSTEIN","LIECHTENSTEIN",
438,1000/01/01 00:00:00,1000/01/01 00:00:00,"ES","LIECHTENSTEIN","PRINCIPADO DE LIECHTENSTEIN","LIECHTENSTEIN",
438,1000/01/01 00:00:00,1000/01/01 00:00:00,"FR","LIECHTENSTEIN","PRINCIPAUTE DU LIECHTENSTEIN","LIECHTENSTEIN",
440,1992/01/01 00:00:00,1992/01/01 00:00:00,"DE","LITAUEN","REPUBLIK LITAUEN","LITAUEN",
440,1992/01/01 00:00:00,1992/01/01 00:00:00,"EN","LITHUANIA","REPUBLIC OF LITHUANIA","LITHUANIA",
440,1992/01/01 00:00:00,1992/01/01 00:00:00,"ES","LITUANIA","REPUBLICA DE LITUANIA","LITUANIA",
440,1992/01/01 00:00:00,1992/01/01 00:00:00,"FR","LITUANIE","REPUBLIQUE DE LITUANIE","LITUANIE",
442,1000/01/01 00:00:00,1000/01/01 00:00:00,"DE","LUXEMBURG","GROSSHERZOGTUM LUXEMBURG","LUXEMBURG",
442,1000/01/01 00:00:00,1000/01/01 00:00:00,"EN","LUXEMBOURG","GRAND DUCHY OF LUXEMBOURG","LUXEMBOURG",
442,1000/01/01 00:00:00,1000/01/01 00:00:00,"ES","LUXEMBURGO","GRAND DUCADO DE LUXEMBURGO","LUXEMBURGO",
442,1000/01/01 00:00:00,1000/01/01 00:00:00,"FR","LUXEMBOURG","GRAND-DUCHE DE LUXEMBOURG","LUXEMBOURG",
446,1999/12/20 00:00:00,1999/12/20 00:00:00,"DE","MACAU","SONDERVERWALTUNGSREGION MACAU DER VOLKSREPUBLIK CHINA","MACAU",
446,1999/12/20 00:00:00,1999/12/20 00:00:00,"EN","MACAO","MACAO SPECIAL ADMINISTRATIVE REGION OF CHINA","MACAO",
446,1999/12/20 00:00:00,1999/12/20 00:00:00,"ES","MACAO","REGION ADMINISTRATIVA ESPECIAL DE MACAO","MACAO",
446,1999/12/20 00:00:00,1999/12/20 00:00:00,"FR","MACAO","REGION ADMINISTRATIVE SPECIALE DE MACAO DE LA REPUBLIQUE POPULAIRE DE CHINE","MACAO",
450,1000/01/01 00:00:00,1000/01/01 00:00:00,"DE","MADAGASKAR","REPUBLIK MADAGASKAR","MADAGASKAR",
450,1000/01/01 00:00:00,1000/01/01 00:00:00,"EN","MADAGASCAR","REPUBLIC OF MADAGASCAR","MADAGASCAR",
450,1000/01/01 00:00:00,1000/01/01 00:00:00,"ES","MADAGASCAR","REPUBLICA DE MADAGASCAR","MADAGASCAR",
450,1000/01/01 00:00:00,1000/01/01 00:00:00,"FR","MADAGASCAR","REPUBLIQUE DE MADAGASCAR","MADAGASCAR",
454,1000/01/01 00:00:00,1000/01/01 00:00:00,"DE","MALAWI","REPUBLIK MALAWI","MALAWI",
454,1000/01/01 00:00:00,1000/01/01 00:00:00,"EN","MALAWI","REPUBLIC OF MALAWI","MALAWI",
454,1000/01/01 00:00:00,1000/01/01 00:00:00,"ES","MALAWI","REPUBLICA DE MALAWI","MALAWI",
454,1000/01/01 00:00:00,1000/01/01 00:00:00,"FR","MALAWI","REPUBLIQUE DU MALAWI","MALAWI",
458,1000/01/01 00:00:00,1000/01/01 00:00:00,"DE","MALAYSIA",,"MALAYSIA",
458,1000/01/01 00:00:00,1000/01/01 00:00:00,"EN","MALAYSIA",,"MALAYSIA",
458,1000/01/01 00:00:00,1000/01/01 00:00:00,"ES","MALASIA",,"MALASIA",
458,1000/01/01 00:00:00,1000/01/01 00:00:00,"FR","MALAISIE",,"MALAISIE",
462,1000/01/01 00:00:00,1000/01/01 00:00:00,"DE","MALEDIVEN","REPUBLIK MALEDIVEN","MALEDIVEN",
462,1000/01/01 00:00:00,1000/01/01 00:00:00,"EN","MALDIVES","REPUBLIC OF MALDIVES","MALDIVES",
462,1000/01/01 00:00:00,1000/01/01 00:00:00,"ES","MALDIVAS","REPUBLICA DE MALDIVAS","MALDIVAS",
462,1000/01/01 00:00:00,1000/01/01 00:00:00,"FR","MALDIVES","REPUBLIQUE DES MALDIVES","MALDIVES",
466,1000/01/01 00:00:00,1000/01/01 00:00:00,"DE","MALI","REPUBLIK MALI","MALI",
466,1000/01/01 00:00:00,1000/01/01 00:00:00,"EN","MALI","REPUBLIC OF MALI","MALI",
466,1000/01/01 00:00:00,1000/01/01 00:00:00,"ES","MALI","REPUBLICA DE MALI","MALI",
466,1000/01/01 00:00:00,1000/01/01 00:00:00,"FR","MALI","REPUBLIQUE DU MALI","MALI",
470,1000/01/01 00:00:00,1000/01/01 00:00:00,"DE","MALTA","REPUBLIK MALTA","MALTA",
470,1000/01/01 00:00:00,1000/01/01 00:00:00,"EN","MALTA","REPUBLIC OF MALTA","MALTA",
470,1000/01/01 00:00:00,1000/01/01 00:00:00,"ES","MALTA","REPUBLICA DE MALTA","MALTA",
470,1000/01/01 00:00:00,1000/01/01 00:00:00,"FR","MALTE","REPUBLIQUE DE MALTE","MALTE",
478,1000/01/01 00:00:00,1000/01/01 00:00:00,"DE","MAURETANIEN","ISLAMISCHE REPUBLIK MAURETANIEN","MAURETANIEN",
478,1000/01/01 00:00:00,1000/01/01 00:00:00,"EN","MAURITANIA","ISLAMIC REPUBLIC OF MAURITANIA","MAURITANIA",
478,1000/01/01 00:00:00,1000/01/01 00:00:00,"ES","MAURITANIA","REPUBLICA ISLAMICA DE MAURITANIA","MAURITANIA",
478,1000/01/01 00:00:00,1000/01/01 00:00:00,"FR","MAURITANIE","REPUBLIQUE ISLAMIQUE DE MAURITANIE","MAURITANIE",
480,1000/01/01 00:00:00,1000/01/01 00:00:00,"DE","MAURITIUS","REPUBLIK MAURITIUS","MAURITIUS",
480,1000/01/01 00:00:00,1000/01/01 00:00:00,"EN","MAURITIUS","REPUBLIC OF MAURITIUS","MAURITIUS",
480,1000/01/01 00:00:00,1000/01/01 00:00:00,"ES","MAURICIO","REPUBLICA DE MAURICIO","MAURICIO",
480,1000/01/01 00:00:00,1000/01/01 00:00:00,"FR","MAURICE","REPUBLIQUE DE MAURICE","MAURICE",
484,1000/01/01 00:00:00,1000/01/01 00:00:00,"DE","MEXIKO","VEREINIGTE MEXIKANISCHE STAATEN","MEXIKO",
484,1000/01/01 00:00:00,1000/01/01 00:00:00,"EN","MEXICO","UNITED MEXICAN STATES","MEXICO",
484,1000/01/01 00:00:00,1000/01/01 00:00:00,"ES","MEXICO","ESTADOS UNIDOS MEXICANOS","MEXICO",
484,1000/01/01 00:00:00,1000/01/01 00:00:00,"FR","MEXIQUE","ETATS-UNIS DU MEXIQUE","MEXIQUE",
492,1000/01/01 00:00:00,1000/01/01 00:00:00,"DE","MONACO","FUERSTENTUM MONACO","MONACO",
492,1000/01/01 00:00:00,1000/01/01 00:00:00,"EN","MONACO","PRINCIPALITY OF MONACO","MONACO",
492,1000/01/01 00:00:00,1000/01/01 00:00:00,"ES","MONACO","PRINCIPADO DE MONACO","MONACO",
492,1000/01/01 00:00:00,1000/01/01 00:00:00,"FR","MONACO","PRINCIPAUTE DE MONACO","MONACO",
496,1000/01/01 00:00:00,1000/01/01 00:00:00,"DE","MONGOLEI",,"MONGOLEI",
496,1000/01/01 00:00:00,1000/01/01 00:00:00,"EN","MONGOLIA",,"MONGOLIA",
496,1000/01/01 00:00:00,1000/01/01 00:00:00,"ES","MONGOLIA",,"MONGOLIA",
496,1000/01/01 00:00:00,1000/01/01 00:00:00,"FR","MONGOLIE",,"MONGOLIE",
498,1992/01/01 00:00:00,1992/01/01 00:00:00,"DE","MOLDAU, REPUBLIK","REPUBLIK MOLDAU","MOLDAU","MOLDAWIEN"
498,1992/01/01 00:00:00,1992/01/01 00:00:00,"EN","MOLDOVA, REPUBLIC OF","REPUBLIC OF MOLDOVA","MOLDOVA",
498,1992/01/01 00:00:00,1992/01/01 00:00:00,"ES","MOLDAVIA, REPUBLICA DE","REPUBLICA DE MOLDAVIA","MOLDAVIA",
498,1992/01/01 00:00:00,1992/01/01 00:00:00,"FR","MOLDOVA, REPUBLIQUE DE","REPUBLIQUE DE MOLDOVA","MOLDOVA",
499,2006/06/03 00:00:00,2006/06/03 00:00:00,"DE","MONTENEGRO","MONTENEGRO","MONTENEGRO",
499,2006/06/03 00:00:00,2006/06/03 00:00:00,"EN","MONTENEGRO","MONTENEGRO","MONTENEGRO",
499,2006/06/03 00:00:00,2006/06/03 00:00:00,"ES","MONTENEGRO","MONTENEGRO","MONTENEGRO",
499,2006/06/03 00:00:00,2006/06/03 00:00:00,"FR","MONTENEGRO","MONTENEGRO","MONTENEGRO",
504,1000/01/01 00:00:00,1000/01/01 00:00:00,"DE","MAROKKO","KOENIGREICH MAROKKO","MAROKKO",
504,1000/01/01 00:00:00,1000/01/01 00:00:00,"EN","MOROCCO","KINGDOM OF MOROCCO","MOROCCO",
504,1000/01/01 00:00:00,1000/01/01 00:00:00,"ES","MARRUECOS","REINO DE MARRUECOS","MARRUECOS",
504,1000/01/01 00:00:00,1000/01/01 00:00:00,"FR","MAROC","ROYAUME DU MAROC","MAROC",
508,1000/01/01 00:00:00,1000/01/01 00:00:00,"DE","MOSAMBIK","REPUBLIK MOSAMBIK","MOSAMBIK",
508,1000/01/01 00:00:00,1000/01/01 00:00:00,"EN","MOZAMBIQUE","REPUBLIC OF MOZAMBIQUE","MOZAMBIQUE",
508,1000/01/01 00:00:00,1000/01/01 00:00:00,"ES","MOZAMBIQUE","REPUBLICA DE MOZAMBIQUE","MOZAMBIQUE",
508,1000/01/01 00:00:00,1000/01/01 00:00:00,"FR","MOZAMBIQUE","REPUBLIQUE DU MOZAMBIQUE","MOZAMBIQUE",
512,1000/01/01 00:00:00,1000/01/01 00:00:00,"DE","OMAN","SULTANAT OMAN","OMAN",
512,1000/01/01 00:00:00,1000/01/01 00:00:00,"EN","OMAN","SULTANATE OF OMAN","OMAN",
512,1000/01/01 00:00:00,1000/01/01 00:00:00,"ES","OMAN","SULTANADO DE OMAN","OMAN",
512,1000/01/01 00:00:00,1000/01/01 00:00:00,"FR","OMAN","SULTANAT D'OMAN","OMAN",
516,1000/01/01 00:00:00,1000/01/01 00:00:00,"DE","NAMIBIA","REPUBLIK NAMIBIA","NAMIBIA",
516,1000/01/01 00:00:00,1000/01/01 00:00:00,"EN","NAMIBIA","REPUBLIC OF NAMIBIA","NAMIBIA",
516,1000/01/01 00:00:00,1000/01/01 00:00:00,"ES","NAMIBIA","REPUBLICA DE NAMIBIA","NAMIBIA",
516,1000/01/01 00:00:00,1000/01/01 00:00:00,"FR","NAMIBIE","REPUBLIQUE DE NAMIBIE","NAMIBIE",
520,1000/01/01 00:00:00,1000/01/01 00:00:00,"DE","NAURU","REPUBLIK NAURU","NAURU",
520,1000/01/01 00:00:00,1000/01/01 00:00:00,"EN","NAURU","REPUBLIC OF NAURU","NAURU",
520,1000/01/01 00:00:00,1000/01/01 00:00:00,"ES","NAURU","REPUBLICA DE NAURU","NAURU",
520,1000/01/01 00:00:00,1000/01/01 00:00:00,"FR","NAURU","REPUBLIQUE DE NAURU","NAURU",
524,1000/01/01 00:00:00,1000/01/01 00:00:00,"DE","NEPAL","DEMOKRATISCHE BUNDESREPUBLIK NEPAL","NEPAL",
524,1000/01/01 00:00:00,1000/01/01 00:00:00,"EN","NEPAL","FEDERAL DEMOCRATIC REPUBLIC OF NEPAL","NEPAL",
524,1000/01/01 00:00:00,1000/01/01 00:00:00,"ES","NEPAL","REPUBLICA DEMOCRATICA FEDERAL DE NEPAL","NEPAL",
524,1000/01/01 00:00:00,1000/01/01 00:00:00,"FR","NEPAL","REPUBLIQUE FEDERALE DEMOCRATIQUE DU NEPAL","NEPAL",
528,1000/01/01 00:00:00,1000/01/01 00:00:00,"DE","NIEDERLANDE","KOENIGREICH DER NIEDERLANDE","NIEDERLANDE",
528,1000/01/01 00:00:00,1000/01/01 00:00:00,"EN","NETHERLANDS","KINGDOM OF THE NETHERLANDS","NETHERLANDS",
528,1000/01/01 00:00:00,1000/01/01 00:00:00,"ES","PAISES BAJOS","REINO DE LOS PAISES BAJOS","PAISES BAJOS",
528,1000/01/01 00:00:00,1000/01/01 00:00:00,"FR","PAYS-BAS","ROYAUME DES PAYS-BAS","PAYS-BAS",
540,1000/01/01 00:00:00,1000/01/01 00:00:00,"DE","NEUKALEDONIEN","TERRITORIUM NEUKALEDONIEN","NEUKALEDONIEN",
540,1000/01/01 00:00:00,1000/01/01 00:00:00,"EN","NEW CALEDONIA",,"NEW CALEDONIA",
540,1000/01/01 00:00:00,1000/01/01 00:00:00,"ES","NUEVA CALEDONIA",,"NUEVA CALEDONIA",
540,1000/01/01 00:00:00,1000/01/01 00:00:00,"FR","NOUVELLE-CALEDONIE",,"NOUV.CALEDONIE",
548,1000/01/01 00:00:00,1000/01/01 00:00:00,"DE","VANUATU","REPUBLIK VANUATU","VANUATU",
548,1000/01/01 00:00:00,1000/01/01 00:00:00,"EN","VANUATU","REPUBLIC OF VANUATU","VANUATU",
548,1000/01/01 00:00:00,1000/01/01 00:00:00,"ES","VANUATU","REPUBLICA DE VANUATU","VANUATU",
548,1000/01/01 00:00:00,1000/01/01 00:00:00,"FR","VANUATU","REPUBLIQUE DE VANUATU","VANUATU",
554,1000/01/01 00:00:00,1000/01/01 00:00:00,"DE","NEUSEELAND",,"NEUSEELAND",
554,1000/01/01 00:00:00,1000/01/01 00:00:00,"EN","NEW ZEALAND",,"NEW ZEALAND",
554,1000/01/01 00:00:00,1000/01/01 00:00:00,"ES","NUEVA ZELANDA",,"NUEVA ZELANDA",
554,1000/01/01 00:00:00,1000/01/01 00:00:00,"FR","NOUVELLE-ZELANDE",,"NOUV.ZELANDE",
558,1000/01/01 00:00:00,1000/01/01 00:00:00,"DE","NICARAGUA","REPUBLIK NICARAGUA","NICARAGUA",
558,1000/01/01 00:00:00,1000/01/01 00:00:00,"EN","NICARAGUA","REPUBLIC OF NICARAGUA","NICARAGUA",
558,1000/01/01 00:00:00,1000/01/01 00:00:00,"ES","NICARAGUA","REPUBLICA DE NICARAGUA","NICARAGUA",
558,1000/01/01 00:00:00,1000/01/01 00:00:00,"FR","NICARAGUA","REPUBLIQUE DU NICARAGUA","NICARAGUA",
562,1000/01/01 00:00:00,1000/01/01 00:00:00,"DE","NIGER","REPUBLIK NIGER","NIGER",
562,1000/01/01 00:00:00,1000/01/01 00:00:00,"EN","NIGER","REPUBLIC OF THE NIGER","NIGER",
562,1000/01/01 00:00:00,1000/01/01 00:00:00,"ES","NIGER","REPUBLICA DEL NIGER","NIGER",
562,1000/01/01 00:00:00,1000/01/01 00:00:00,"FR","NIGER","REPUBLIQUE DU NIGER","NIGER",
566,1000/01/01 00:00:00,1000/01/01 00:00:00,"DE","NIGERIA","BUNDESREPUBLIK NIGERIA","NIGERIA",
566,1000/01/01 00:00:00,1000/01/01 00:00:00,"EN","NIGERIA","FEDERAL REPUBLIC OF NIGERIA","NIGERIA",
566,1000/01/01 00:00:00,1000/01/01 00:00:00,"ES","NIGERIA","REPUBLICA FEDERAL DE NIGERIA","NIGERIA",
566,1000/01/01 00:00:00,1000/01/01 00:00:00,"FR","NIGERIA","REPUBLIQUE FEDERALE DU NIGERIA","NIGERIA",
578,1000/01/01 00:00:00,1000/01/01 00:00:00,"DE","NORWEGEN","KOENIGREICH NORWEGEN","NORWEGEN",
578,1000/01/01 00:00:00,1000/01/01 00:00:00,"EN","NORWAY","KINGDOM OF NORWAY","NORWAY",
578,1000/01/01 00:00:00,1000/01/01 00:00:00,"ES","NORUEGA","REINO DE NORUEGA","NORUEGA",
578,1000/01/01 00:00:00,1000/01/01 00:00:00,"FR","NORVEGE","ROYAUME DE NORVEGE","NORVEGE",
583,1000/01/01 00:00:00,1000/01/01 00:00:00,"DE","MIKRONESIEN, FOEDERIERTE STAATEN VON","FOEDERIERTE STAATEN VON MIKRONESIEN","MIKRONESIEN",
583,1000/01/01 00:00:00,1000/01/01 00:00:00,"EN","MICRONESIA, FEDERATED STATES OF","FEDERATED STATES OF MICRONESIA","MICRONESIA",
583,1000/01/01 00:00:00,1000/01/01 00:00:00,"ES","MICRONESIA, ESTADOS FEDERADOS","ESTADOS FEDERADOS DE MICRONESIA","MICRONESIA",
583,1000/01/01 00:00:00,1000/01/01 00:00:00,"FR","MICRONESIE, ETATS FEDERES DE","ETATS FEDERES DE MICRONESIE","MICRONESIE",
584,1000/01/01 00:00:00,1000/01/01 00:00:00,"DE","MARSHALLINSELN","REPUBLIK MARSHALLINSELN","MARSHALLINSELN",
584,1000/01/01 00:00:00,1000/01/01 00:00:00,"EN","MARSHALL ISLANDS","REPUBLIC OF THE MARSHALL ISLANDS","MARSHALL ISL.",
584,1000/01/01 00:00:00,1000/01/01 00:00:00,"ES","ISLAS MARSHALL","REPUBLICA DE LAS ISLAS MARSHALL","ISLAS MARSHALL",
584,1000/01/01 00:00:00,1000/01/01 00:00:00,"FR","MARSHALL, ILES","REPUBLIQUE DES ILES MARSHALL","ILES MARSHALL",
585,1000/01/01 00:00:00,1000/01/01 00:00:00,"DE","PALAU","REPUBLIK PALAU","PALAU","BELAU"
585,1000/01/01 00:00:00,1000/01/01 00:00:00,"EN","PALAU","REPUBLIC OF PALAU","PALAU",
585,1000/01/01 00:00:00,1000/01/01 00:00:00,"ES","PALAU","REPUBLICA DE PALAU","PALAU",
585,1000/01/01 00:00:00,1000/01/01 00:00:00,"FR","PALAOS","REPUBLIQUE DES PALAOS","PALAOS",
586,1000/01/01 00:00:00,1000/01/01 00:00:00,"DE","PAKISTAN","ISLAMISCHE REPUBLIK PAKISTAN","PAKISTAN",
586,1000/01/01 00:00:00,1000/01/01 00:00:00,"EN","PAKISTAN","ISLAMIC REPUBLIC OF PAKISTAN","PAKISTAN",
586,1000/01/01 00:00:00,1000/01/01 00:00:00,"ES","PAKISTAN","REPUBLICA ISLAMICA DE PAKISTAN","PAKISTAN",
586,1000/01/01 00:00:00,1000/01/01 00:00:00,"FR","PAKISTAN","REPUBLIQUE ISLAMIQUE DU PAKISTAN","PAKISTAN",
591,1000/01/01 00:00:00,1000/01/01 00:00:00,"DE","PANAMA","REPUBLIK PANAMA","PANAMA",
591,1000/01/01 00:00:00,1000/01/01 00:00:00,"EN","PANAMA","REPUBLIC OF PANAMA","PANAMA",
591,1000/01/01 00:00:00,1000/01/01 00:00:00,"ES","PANAMA","REPUBLICA DE PANAMA","PANAMA",
591,1000/01/01 00:00:00,1000/01/01 00:00:00,"FR","PANAMA","REPUBLIQUE DU PANAMA","PANAMA",
598,1000/01/01 00:00:00,1000/01/01 00:00:00,"DE","PAPUA-NEUGUINEA","UNABHAENGIGER STAAT PAPUA-NEUGUINEA","PAPUA-NEUGUINEA",
598,1000/01/01 00:00:00,1000/01/01 00:00:00,"EN","PAPUA NEW GUINEA",,"PAPUA N.GUINEA",
598,1000/01/01 00:00:00,1000/01/01 00:00:00,"ES","PAPUA NUEVA GUINEA",,"PAPUA N.GUINEA",
598,1000/01/01 00:00:00,1000/01/01 00:00:00,"FR","PAPOUASIE-NOUVELLE-GUINEE",,"PAP.NOUV.GUINEE",
600,1000/01/01 00:00:00,1000/01/01 00:00:00,"DE","PARAGUAY","REPUBLIK PARAGUAY","PARAGUAY",
600,1000/01/01 00:00:00,1000/01/01 00:00:00,"EN","PARAGUAY","REPUBLIC OF PARAGUAY","PARAGUAY",
600,1000/01/01 00:00:00,1000/01/01 00:00:00,"ES","PARAGUAY","REPUBULICA DE PARAGUAY","PARAGUAY",
600,1000/01/01 00:00:00,1000/01/01 00:00:00,"FR","PARAGUAY","REPUBLIQUE DU PARAGUAY","PARAGUAY",
604,1000/01/01 00:00:00,1000/01/01 00:00:00,"DE","PERU","REPUBLIK PERU","PERU",
604,1000/01/01 00:00:00,1000/01/01 00:00:00,"EN","PERU","REPUBLIC OF PERU","PERU",
604,1000/01/01 00:00:00,1000/01/01 00:00:00,"ES","PERU","REPUBLICA DE PERU","PERU",
604,1000/01/01 00:00:00,1000/01/01 00:00:00,"FR","PEROU","REPUBLIQUE DU PEROU","PEROU",
608,1000/01/01 00:00:00,1000/01/01 00:00:00,"DE","PHILIPPINEN","REPUBLIK DER PHILIPPINEN","PHILIPPINEN",
608,1000/01/01 00:00:00,1000/01/01 00:00:00,"EN","PHILIPPINES","REPUBLIC OF THE PHILIPPINES","PHILIPPINES",
608,1000/01/01 00:00:00,1000/01/01 00:00:00,"ES","FILIPINAS","REPUBLICA DE LAS FILIPINAS","FILIPINAS",
608,1000/01/01 00:00:00,1000/01/01 00:00:00,"FR","PHILIPPINES","REPUBLIQUE DES PHILIPPINES","PHILIPPINES",
616,1000/01/01 00:00:00,1000/01/01 00:00:00,"DE","POLEN","REPUBLIK POLEN","POLEN",
616,1000/01/01 00:00:00,1000/01/01 00:00:00,"EN","POLAND","REPUBLIC OF POLAND","POLAND",
616,1000/01/01 00:00:00,1000/01/01 00:00:00,"ES","POLONIA","REPUBLICA DE POLONIA","POLONIA",
616,1000/01/01 00:00:00,1000/01/01 00:00:00,"FR","POLOGNE","REPUBLIQUE DE POLOGNE","POLOGNE",
620,1000/01/01 00:00:00,1000/01/01 00:00:00,"DE","PORTUGAL","PORTUGIESISCHE REPUBLIK","PORTUGAL",
620,1000/01/01 00:00:00,1000/01/01 00:00:00,"EN","PORTUGAL","PORTUGUESE REPUBLIC","PORTUGAL",
620,1000/01/01 00:00:00,1000/01/01 00:00:00,"ES","PORTUGAL","REPUBLICA PORTUGUESA","PORTUGAL",
620,1000/01/01 00:00:00,1000/01/01 00:00:00,"FR","PORTUGAL","REPUBLIQUE PORTUGAISE","PORTUGAL",
624,1000/01/01 00:00:00,1000/01/01 00:00:00,"DE","GUINEA-BISSAU","REPUBLIK GUINEA-BISSAU","GUINEA-BISSAU",
624,1000/01/01 00:00:00,1000/01/01 00:00:00,"EN","GUINEA-BISSAU","REPUBLIC OF GUINEA-BISSAU","GUINEA-BISSAU",
624,1000/01/01 00:00:00,1000/01/01 00:00:00,"ES","GUINEA-BISSAU","REPUBLICA DE GUINEA-BISSAU","GUINEA-BISSAU",
624,1000/01/01 00:00:00,1000/01/01 00:00:00,"FR","GUINEE-BISSAU","REPUBLIQUE DE GUINEE-BISSAU","GUINEE-BISSAU",
626,2002/05/20 00:00:00,2002/05/20 00:00:00,"DE","TIMOR-LESTE","DEMOKRATISCHE REPUBLIK TIMOR-LESTE","TIMOR-LESTE",
626,2002/05/20 00:00:00,2002/05/20 00:00:00,"EN","TIMOR-LESTE","DEMOCRATIC REPUBLIC OF TIMOR-LESTE","TIMOR-LESTE",
626,2002/05/20 00:00:00,2002/05/20 00:00:00,"ES","TIMOR-LESTE","REPUBLIQUE DEMOCRATIQUE DU TIMOR-LESTE","TIMOR-LESTE",
626,2002/05/20 00:00:00,2002/05/20 00:00:00,"FR","TIMOR-LESTE","PUBLIQUE DEMOCRATIQUE DU TIMOR-LESTE","TIMOR-LESTE",
630,1000/01/01 00:00:00,1000/01/01 00:00:00,"DE","PUERTO RICO","FREISTAAT PUERTO RICO","PUERTO RICO",
630,1000/01/01 00:00:00,1000/01/01 00:00:00,"EN","PUERTO RICO",,"PUERTO RICO",
630,1000/01/01 00:00:00,1000/01/01 00:00:00,"ES","PUERTO RICO",,"PUERTO RICO",
630,1000/01/01 00:00:00,1000/01/01 00:00:00,"FR","PORTO RICO",,"PORTO RICO",
634,1000/01/01 00:00:00,1000/01/01 00:00:00,"DE","KATAR","STAAT KATAR","KATAR",
634,1000/01/01 00:00:00,1000/01/01 00:00:00,"EN","QATAR","STATE OF QATAR","QATAR",
634,1000/01/01 00:00:00,1000/01/01 00:00:00,"ES","QATAR","ESTADO DE QATAR","QATAR",
634,1000/01/01 00:00:00,1000/01/01 00:00:00,"FR","QATAR","ETAT DU QATAR","QATAR",
642,1000/01/01 00:00:00,1000/01/01 00:00:00,"DE","RUMAENIEN",,"RUMAENIEN",
642,1000/01/01 00:00:00,1000/01/01 00:00:00,"EN","ROMANIA",,"ROMANIA",
642,1000/01/01 00:00:00,1000/01/01 00:00:00,"ES","RUMANIA",,"RUMANIA",
642,1000/01/01 00:00:00,1000/01/01 00:00:00,"FR","ROUMANIE",,"ROUMANIE",
643,1992/01/01 00:00:00,1992/01/01 00:00:00,"DE","RUSSISCHE FOEDERATION",,"RUSSLAND",
643,1992/01/01 00:00:00,1992/01/01 00:00:00,"EN","RUSSIAN FEDERATION",,"RUSSIA",
643,1992/01/01 00:00:00,1992/01/01 00:00:00,"ES","FEDERACION RUSA",,"RUSIA",
643,1992/01/01 00:00:00,1992/01/01 00:00:00,"FR","RUSSIE, FEDERATION DE","FEDERATION DE RUSSIE","RUSSIE",
646,1000/01/01 00:00:00,1000/01/01 00:00:00,"DE","RUANDA","REPUBLIK RUANDA","RUANDA",
646,1000/01/01 00:00:00,1000/01/01 00:00:00,"EN","RWANDA","RWANDESE RUPUBLIC","RWANDA",
646,1000/01/01 00:00:00,1000/01/01 00:00:00,"ES","RUANDA","REPUBLICA RUANDESA","RUANDA",
646,1000/01/01 00:00:00,1000/01/01 00:00:00,"FR","RWANDA","REPUBLIQUE RWANDAISE","RWANDA",
659,1000/01/01 00:00:00,1000/01/01 00:00:00,"DE","ST. KITTS UND NEVIS","FOEDERATION ST. KITTS UND NEVIS","ST.KITTS+NEVIS",
659,1000/01/01 00:00:00,1000/01/01 00:00:00,"EN","SAINT KITTS AND NEVIS",,"ST.KITTS+NEVIS",
659,1000/01/01 00:00:00,1000/01/01 00:00:00,"ES","SAN CRISTOBAL Y NEVIS",,"S.CRIST.+NEVIS",
659,1000/01/01 00:00:00,1000/01/01 00:00:00,"FR","SAINT-KITTS-ET-NEVIS",,"ST.KITTS+NEVIS",
662,1000/01/01 00:00:00,1000/01/01 00:00:00,"DE","ST. LUCIA",,"ST.LUCIA",
662,1000/01/01 00:00:00,1000/01/01 00:00:00,"EN","SAINT LUCIA",,"ST.LUCIA",
662,1000/01/01 00:00:00,1000/01/01 00:00:00,"ES","SANTA LUCIA",,"S.LUCIA",
662,1000/01/01 00:00:00,1000/01/01 00:00:00,"FR","SAINTE-LUCIE",,"STE.LUCIE",
670,1000/01/01 00:00:00,1000/01/01 00:00:00,"DE","ST. VINCENT UND DIE GRENADINEN",,"ST.VINCENT+GR.",
670,1000/01/01 00:00:00,1000/01/01 00:00:00,"EN","SAINT VINCENT AND THE GRENADINES",,"ST.VINCENT+GR",
670,1000/01/01 00:00:00,1000/01/01 00:00:00,"ES","SAN VICENTE Y LAS GRANADINAS",,"S.VICENTE+GR.",
670,1000/01/01 00:00:00,1000/01/01 00:00:00,"FR","SAINT-VINCENT-ET-LES-GRENADINES",,"ST.VINCENT+GR",
674,1000/01/01 00:00:00,1000/01/01 00:00:00,"DE","SAN MARINO","REPUBLIK SAN MARINO","SAN MARINO",
674,1000/01/01 00:00:00,1000/01/01 00:00:00,"EN","SAN MARINO","REPUBLIC OF SAN MARINO","SAN MARINO",
674,1000/01/01 00:00:00,1000/01/01 00:00:00,"ES","SAN MARINO","REPUBLICA DE SAN MARINO","SAN MARINO",
674,1000/01/01 00:00:00,1000/01/01 00:00:00,"FR","SAINT-MARIN","REPUBLIQUE DE SAINT-MARIN","SAINT-MARIN",
678,1000/01/01 00:00:00,1000/01/01 00:00:00,"DE","SAO TOME UND PRINCIPE","DEMOKRATISCHE REPUBLIK SAO TOME UND PRINCIPE","S.TOME+PRINCIPE",
678,1000/01/01 00:00:00,1000/01/01 00:00:00,"EN","SAO TOME AND PRINCIPE","DEMOCRATIC REPUBLIC OF SAO TOME AND PRINCIPE","S.TOME+PRINCIPE",
678,1000/01/01 00:00:00,1000/01/01 00:00:00,"ES","SANTO TOME Y PRINCIPE","REPUBLIC DEMOCRATICA DE SANTO TOME Y PRINCIPE","S.TOME+PRINCIPE",
678,1000/01/01 00:00:00,1000/01/01 00:00:00,"FR","SAO TOME-ET-PRINCIPE","REPUBLIQUE DEMOCRATIQUE DE SAO TOME-ET-PRINCIPE","S.TOME+PRINCIPE",
682,1000/01/01 00:00:00,1000/01/01 00:00:00,"DE","SAUDI-ARABIEN","KOENIGREICH SAUDI-ARABIEN","SAUDI-ARABIEN",
682,1000/01/01 00:00:00,1000/01/01 00:00:00,"EN","SAUDI ARABIA","KINGDOM OF SAUDI ARABIA","SAUDI ARABIA",
682,1000/01/01 00:00:00,1000/01/01 00:00:00,"ES","ARABIA SAUDI","REINO DE ARABIA SAUDI","ARABIA SAUDI",
682,1000/01/01 00:00:00,1000/01/01 00:00:00,"FR","ARABIE SAOUDITE","ROYAUME D'ARABIE SAOUDITE","ARABIE SAOUDITE",
686,1000/01/01 00:00:00,1000/01/01 00:00:00,"DE","SENEGAL","REPUBLIK SENEGAL","SENEGAL",
686,1000/01/01 00:00:00,1000/01/01 00:00:00,"EN","SENEGAL","REPUBLIC OF SENEGAL","SENEGAL",
686,1000/01/01 00:00:00,1000/01/01 00:00:00,"ES","SENEGAL","REPUBLICA DE SENEGAL","SENEGAL",
686,1000/01/01 00:00:00,1000/01/01 00:00:00,"FR","SENEGAL","REPUBLIQUE DU SENEGAL","SENEGAL",
688,2006/06/03 00:00:00,2006/06/03 00:00:00,"DE","SERBIEN","REPUBLIK SERBIEN","SERBIEN",
688,2006/06/03 00:00:00,2006/06/03 00:00:00,"EN","SERBIA","REPUBLIC OF SERBIA","SERBIA",
688,2006/06/03 00:00:00,2006/06/03 00:00:00,"ES","SERBIA","REPUBLICA DE SERBIA","SERBIA",
688,2006/06/03 00:00:00,2006/06/03 00:00:00,"FR","SERBIE","REPUBLIQUE DE SERBIE","SERBIE",
690,1000/01/01 00:00:00,1000/01/01 00:00:00,"DE","SEYCHELLEN","REPUBLIK SEYCHELLEN","SEYCHELLEN",
690,1000/01/01 00:00:00,1000/01/01 00:00:00,"EN","SEYCHELLES","REPUBLIC OF SEYCHELLES","SEYCHELLES",
690,1000/01/01 00:00:00,1000/01/01 00:00:00,"ES","SEYCHELLES","REPUBLICA DE SEYCHELLES","SEYCHELLES",
690,1000/01/01 00:00:00,1000/01/01 00:00:00,"FR","SEYCHELLES","REPUBLIQUE DES SEYCHELLES","SEYCHELLES",
694,1000/01/01 00:00:00,1000/01/01 00:00:00,"DE","SIERRA LEONE","REPUBLIK SIERRA LEONE","SIERRA LEONE",
694,1000/01/01 00:00:00,1000/01/01 00:00:00,"EN","SIERRA LEONE","REPUBLIC OF SIERRA LEONE","SIERRA LEONE",
694,1000/01/01 00:00:00,1000/01/01 00:00:00,"ES","SIERRA LEONA","REPUBLICA DE SIERRA LEONA","SIERRA LEONA",
694,1000/01/01 00:00:00,1000/01/01 00:00:00,"FR","SIERRA LEONE","REPUBLIQUE DE SIERRA LEONE","SIERRA LEONE",
702,1000/01/01 00:00:00,1000/01/01 00:00:00,"DE","SINGAPUR","REPUBLIK SINGAPUR","SINGAPUR",
702,1000/01/01 00:00:00,1000/01/01 00:00:00,"EN","SINGAPORE","REPUBLIC OF SINGAPORE","SINGAPORE",
702,1000/01/01 00:00:00,1000/01/01 00:00:00,"ES","SINGAPUR","REPUBLICA DE SINGAPUR","SINGAPUR",
702,1000/01/01 00:00:00,1000/01/01 00:00:00,"FR","SINGAPOUR","REPUBLIQUE DE SINGAPOUR","SINGAPOUR",
703,1993/01/01 00:00:00,1993/01/01 00:00:00,"DE","SLOWAKEI","SLOWAKISCHE REPUBLIK","SLOWAKEI",
703,1993/01/01 00:00:00,1993/01/01 00:00:00,"EN","SLOVAKIA","SLOVAK REPUBLIC","SLOVAKIA",
703,1993/01/01 00:00:00,1993/01/01 00:00:00,"ES","ESLOVAQUIA","REPUBLICA ESLOVACA","ESLOVAQUIA",
703,1993/01/01 00:00:00,1993/01/01 00:00:00,"FR","SLOVAQUIE","REPUBLIQUE SLOVAQUE","SLOVAQUIE",
704,1000/01/01 00:00:00,1000/01/01 00:00:00,"DE","VIETNAM","SOZIALISTISCHE REPUBLIK VIETNAM","VIETNAM",
704,1000/01/01 00:00:00,1000/01/01 00:00:00,"EN","VIET NAM","SOCIALIST REPUBLIC OF VIET NAM","VIET NAM",
704,1000/01/01 00:00:00,1000/01/01 00:00:00,"ES","VIETNAM","REPUBLICA SOCIALISTA DE VIETNAM","VIETNAM",
704,1000/01/01 00:00:00,1000/01/01 00:00:00,"FR","VIET NAM","REPUBLIQUE SOCIALISTE DU VIET NAM","VIET NAM",
705,1992/01/01 00:00:00,1992/01/01 00:00:00,"DE","SLOWENIEN","REPUBLIK SLOWENIEN","SLOWENIEN",
705,1992/01/01 00:00:00,1992/01/01 00:00:00,"EN","SLOVENIA","REPUBLIC OF SLOVENIA","SLOVENIA",
705,1992/01/01 00:00:00,1992/01/01 00:00:00,"ES","ESLOVENIA","REPUBLICA DE ESLOVENIA","ESLOVENIA",
705,1992/01/01 00:00:00,1992/01/01 00:00:00,"FR","SLOVENIE","REPUBLIQUE DE SLOVENIE","SLOVENIE",
706,1000/01/01 00:00:00,1000/01/01 00:00:00,"DE","SOMALIA","REPUBLIK SOMALIA","SOMALIA",
706,1000/01/01 00:00:00,1000/01/01 00:00:00,"EN","SOMALIA","SOMALI REPUBLIC","SOMALIA",
706,1000/01/01 00:00:00,1000/01/01 00:00:00,"ES","SOMALIA","REPUBLICA SOMALI","SOMALIA",
706,1000/01/01 00:00:00,1000/01/01 00:00:00,"FR","SOMALIE","REPUBLIQUE SOMALIENNE","SOMALIE",
710,1000/01/01 00:00:00,1000/01/01 00:00:00,"DE","SUEDAFRIKA","REPUBLIK SUEDAFRIKA","SUEDAFRIKA",
710,1000/01/01 00:00:00,1000/01/01 00:00:00,"EN","SOUTH AFRICA","REPUBLIC OF SOUTH AFRICA","SOUTH AFRICA",
710,1000/01/01 00:00:00,1000/01/01 00:00:00,"ES","SUDAFRICA","REPUBLICA DE SUDAFRICA","SUDAFRICA",
710,1000/01/01 00:00:00,1000/01/01 00:00:00,"FR","AFRIQUE DU SUD","REPUBLIQUE SUD-AFRICAINE","AFRIQUE DU SUD",
716,1000/01/01 00:00:00,1000/01/01 00:00:00,"DE","SIMBABWE","REPUBLIK SIMBABWE","SIMBABWE",
716,1000/01/01 00:00:00,1000/01/01 00:00:00,"EN","ZIMBABWE","REPUBLIC OF ZIMBABWE","ZIMBABWE",
716,1000/01/01 00:00:00,1000/01/01 00:00:00,"ES","ZIMBABWE","REPUBLICA DE ZIMBABWE","ZIMBABWE",
716,1000/01/01 00:00:00,1000/01/01 00:00:00,"FR","ZIMBABWE","REPUBLIQUE DU ZIMBABWE","ZIMBABWE",
720,1000/01/01 00:00:00,1000/01/01 00:00:00,"DE","JEMEN, DEMOKRATISCHER",,"DEMOKRAT.JEMEN",
720,1000/01/01 00:00:00,1000/01/01 00:00:00,"EN","YEMEN, DEMOCRATIC",,"DEMOCRAT.YEMEN",
720,1000/01/01 00:00:00,1000/01/01 00:00:00,"ES","YEMEN, DEMOCRATICO",,"DEMOCR.YEMEN",
720,1000/01/01 00:00:00,1000/01/01 00:00:00,"FR","YEMEN, DEMOCRATIQUE",,"YEMEN DEMOCR.",
724,1000/01/01 00:00:00,1000/01/01 00:00:00,"DE","SPANIEN","KOENIGREICH SPANIEN","SPANIEN",
724,1000/01/01 00:00:00,1000/01/01 00:00:00,"EN","SPAIN","KINGDOM OF SPAIN","SPAIN",
724,1000/01/01 00:00:00,1000/01/01 00:00:00,"ES","ESPANA","REINO DE ESPANA","ESPANA",
724,1000/01/01 00:00:00,1000/01/01 00:00:00,"FR","ESPAGNE","ROYAUME D'ESPAGNE","ESPAGNE",
728,2011/07/09 00:00:00,2011/07/09 00:00:00,"DE","SUEDSUDAN","REPUBLIK SUEDSUDAN","SUEDSUDAN",
728,2011/07/09 00:00:00,2011/07/09 00:00:00,"EN","SOUTH SUDAN","REPUBLIC OF SOUTH SUDAN","SOUTH SUDAN",
728,2011/07/09 00:00:00,2011/07/09 00:00:00,"ES","SUDAN DEL SUR","LA REPUBLICA DE SUDAN DEL SUR","SUDAN DEL SUR",
728,2011/07/09 00:00:00,2011/07/09 00:00:00,"FR","SOUDAN DU SUD","REPUBLIQUE DU SOUDAN DU SUD","SOUDAN DU SUD",
729,2011/07/09 00:00:00,2011/07/09 00:00:00,"DE","SUDAN","REPUBLIK SUDAN","SUDAN",
729,2011/07/09 00:00:00,2011/07/09 00:00:00,"EN","SUDAN","REPUBLIC OF THE SUDAN","SUDAN",
729,2011/07/09 00:00:00,2011/07/09 00:00:00,"ES","SUDAN","REPUBLICA DEL SUDAN","SUDAN",
729,2011/07/09 00:00:00,2011/07/09 00:00:00,"FR","SOUDAN","REPUBLIQUE DU SOUDAN","SOUDAN",
732,1000/01/01 00:00:00,1000/01/01 00:00:00,"DE","WESTSAHARA",,"WESTSAHARA",
732,1000/01/01 00:00:00,1000/01/01 00:00:00,"EN","WESTERN SAHARA",,"WESTERN SAHARA",
732,1000/01/01 00:00:00,1000/01/01 00:00:00,"ES","SAHARA OCCIDENTAL",,"SAHARA OCCID.",
732,1000/01/01 00:00:00,1000/01/01 00:00:00,"FR","SAHARA OCCIDENTAL",,"SAHARA OCCID.",
736,1000/01/01 00:00:00,1000/01/01 00:00:00,"DE","SUDAN","REPUBLIK SUDAN","SUDAN",
736,1000/01/01 00:00:00,1000/01/01 00:00:00,"EN","SUDAN","REPUBLIC OF THE SUDAN","SUDAN",
736,1000/01/01 00:00:00,1000/01/01 00:00:00,"ES","SUDAN","REPUBLICA DEL SUDAN","SUDAN",
736,1000/01/01 00:00:00,1000/01/01 00:00:00,"FR","SOUDAN","REPUBLIQUE DU SOUDAN","SOUDAN",
740,1000/01/01 00:00:00,1000/01/01 00:00:00,"DE","SURINAME","REPUBLIK SURINAME","SURINAME",
740,1000/01/01 00:00:00,1000/01/01 00:00:00,"EN","SURINAME","REPUBLIC OF SURINAME","SURINAME",
740,1000/01/01 00:00:00,1000/01/01 00:00:00,"ES","SURINAM","REPUBLICA DE SURINAM","SURINAM",
740,1000/01/01 00:00:00,1000/01/01 00:00:00,"FR","SURINAME","REPUBLIQUE DU SURINAME","SURINAME",
748,1000/01/01 00:00:00,1000/01/01 00:00:00,"DE","ESWATINI","KOENIGREICH ESWATINI","ESWATINI",
748,1000/01/01 00:00:00,1000/01/01 00:00:00,"EN","ESWATINI","THE KINGDOM OF ESWATINI","ESWATINI",
748,1000/01/01 00:00:00,1000/01/01 00:00:00,"ES","ESWATINI","REINO DE ESWATINI","ESWATINI",
748,1000/01/01 00:00:00,1000/01/01 00:00:00,"FR","ESWATINI","ROYAUME D’ESWATINI","ESWATINI",
752,1000/01/01 00:00:00,1000/01/01 00:00:00,"DE","SCHWEDEN","KOENIGREICH SCHWEDEN","SCHWEDEN",
752,1000/01/01 00:00:00,1000/01/01 00:00:00,"EN","SWEDEN","KINGDOM OF SWEDEN","SWEDEN",
752,1000/01/01 00:00:00,1000/01/01 00:00:00,"ES","SUECIA","REINO DE SUECIA","SUECIA",
752,1000/01/01 00:00:00,1000/01/01 00:00:00,"FR","SUEDE","ROYAUME DE SUEDE","SUEDE",
756,1000/01/01 00:00:00,1000/01/01 00:00:00,"DE","SCHWEIZ","SCHWEIZERISCHE EIDGENOSSENSCHAFT","SCHWEIZ",
756,1000/01/01 00:00:00,1000/01/01 00:00:00,"EN","SWITZERLAND","SWISS CONFEDERATION","SWITZERLAND",
756,1000/01/01 00:00:00,1000/01/01 00:00:00,"ES","SUIZA","CONFEDERACION SUIZA","SUIZA",
756,1000/01/01 00:00:00,1000/01/01 00:00:00,"FR","SUISSE","CONFEDERATION SUISSE","SUISSE",
760,1000/01/01 00:00:00,1000/01/01 00:00:00,"DE","SYRIEN, ARABISCHE REPUBLIK","ARABISCHE REPUBLIK SYRIEN","SYRIEN",
760,1000/01/01 00:00:00,1000/01/01 00:00:00,"EN","SYRIAN ARAB REPUBLIC",,"SYRIA",
760,1000/01/01 00:00:00,1000/01/01 00:00:00,"ES","REPUBLICA ARABE SIRIA",,"SIRIA",
760,1000/01/01 00:00:00,1000/01/01 00:00:00,"FR","SYRIENNE, REPUBLIQUE ARABE","REPUBLIQUE ARABE SYRIENNE","SYRIE",
762,1992/01/01 00:00:00,1992/01/01 00:00:00,"DE","TADSCHIKISTAN","REPUBLIK TADSCHIKISTAN","TADSCHIKISTAN",
762,1992/01/01 00:00:00,1992/01/01 00:00:00,"EN","TAJIKISTAN","REPUBLIC OF TAJIKISTAN","TAJIKISTAN",
762,1992/01/01 00:00:00,1992/01/01 00:00:00,"ES","TADJIKISTAN","REPUBLICA DE TADJIKISTAN","TADJIKISTAN",
762,1992/01/01 00:00:00,1992/01/01 00:00:00,"FR","TADJIKISTAN","REPUBLIQUE DU TADJIKISTAN","TADJIKISTAN",
764,1000/01/01 00:00:00,1000/01/01 00:00:00,"DE","THAILAND","KOENIGREICH THAILAND","THAILAND",
764,1000/01/01 00:00:00,1000/01/01 00:00:00,"EN","THAILAND","KINGDOM OF THAILAND","THAILAND",
764,1000/01/01 00:00:00,1000/01/01 00:00:00,"ES","THAILANDIA","REINO DE THAILANDIA","THAILANDIA",
764,1000/01/01 00:00:00,1000/01/01 00:00:00,"FR","THAILANDE","ROYAUME DE THAILANDE","THAILANDE",
768,1000/01/01 00:00:00,1000/01/01 00:00:00,"DE","TOGO","REPUBLIK TOGO","TOGO",
768,1000/01/01 00:00:00,1000/01/01 00:00:00,"EN","TOGO","TOGOLESE REPUBLIC","TOGO",
768,1000/01/01 00:00:00,1000/01/01 00:00:00,"ES","TOGO","REPUBLICA TOGOLESA","TOGO",
768,1000/01/01 00:00:00,1000/01/01 00:00:00,"FR","TOGO","REPUBLIQUE TOGOLAISE","TOGO",
776,1000/01/01 00:00:00,1000/01/01 00:00:00,"DE","TONGA","KOENIGREICH TONGA","TONGA",
776,1000/01/01 00:00:00,1000/01/01 00:00:00,"EN","TONGA","KINGDOM OF TONGA","TONGA",
776,1000/01/01 00:00:00,1000/01/01 00:00:00,"ES","TONGA","REINO DE TONGA","TONGA",
776,1000/01/01 00:00:00,1000/01/01 00:00:00,"FR","TONGA","ROYAUME DES TONGA","TONGA",
780,1000/01/01 00:00:00,1000/01/01 00:00:00,"DE","TRINIDAD UND TOBAGO","REPUBLIK TRINIDAD UND TOBAGO","TRINIDAD+TOBAGO",
780,1000/01/01 00:00:00,1000/01/01 00:00:00,"EN","TRINIDAD AND TOBAGO","REPUBLIC OF TRINIDAD AND TOBAGO","TRINIDAD+TOBAGO",
780,1000/01/01 00:00:00,1000/01/01 00:00:00,"ES","TRINIDAD Y TOBAGO","REPUBLICA DE TRINIDAD Y TOBAGO","TRINIDAD+TOBAGO",
780,1000/01/01 00:00:00,1000/01/01 00:00:00,"FR","TRINITE-ET-TOBAGO","REPUBLIQUE DE TRINITE-ET-TOBAGO","TRINITE+TOBAGO",
784,1000/01/01 00:00:00,1000/01/01 00:00:00,"DE","VEREINIGTE ARABISCHE EMIRATE",,"VER.ARAB.EMIR.",
784,1000/01/01 00:00:00,1000/01/01 00:00:00,"EN","UNITED ARAB EMIRATES",,"UNIT.ARAB.EMIR.",
784,1000/01/01 00:00:00,1000/01/01 00:00:00,"ES","EMIRATOS ARABES UNIDOS",,"EMIR.ARAB.UNID.",
784,1000/01/01 00:00:00,1000/01/01 00:00:00,"FR","EMIRATS ARABES UNIS",,"EMIR.ARAB.UNIS",
788,1000/01/01 00:00:00,1000/01/01 00:00:00,"DE","TUNESIEN","TUNESISCHE REPUBLIK","TUNESIEN",
788,1000/01/01 00:00:00,1000/01/01 00:00:00,"EN","TUNISIA","REPUBLIC OF TUNISIA","TUNISIA",
788,1000/01/01 00:00:00,1000/01/01 00:00:00,"ES","TUNICIA","REPUBLICA DE TUNICIA","TUNICIA",
788,1000/01/01 00:00:00,1000/01/01 00:00:00,"FR","TUNISIE","REPUBLIQUE TUNISIENNE","TUNISIE",
792,1000/01/01 00:00:00,1000/01/01 00:00:00,"DE","TUERKEI","REPUBLIK TUERKEI","TUERKEI",
792,1000/01/01 00:00:00,1000/01/01 00:00:00,"EN","TURKEY","REPUBLIC OF TURKEY","TURKEY",
792,1000/01/01 00:00:00,1000/01/01 00:00:00,"ES","TURQUIA","REPUBLICA DE TURQUIA","TURQUIA",
792,1000/01/01 00:00:00,1000/01/01 00:00:00,"FR","TURQUIE","REPUBLIQUE TURQUE","TURQUIE",
795,1992/01/01 00:00:00,1992/01/01 00:00:00,"DE","TURKMENISTAN",,"TURKMENISTAN",
795,1992/01/01 00:00:00,1992/01/01 00:00:00,"EN","TURKMENISTAN",,"TURKMENISTAN",
795,1992/01/01 00:00:00,1992/01/01 00:00:00,"ES","TURKMENISTAN",,"TURKMENISTAN",
795,1992/01/01 00:00:00,1992/01/01 00:00:00,"FR","TURKMENISTAN",,"TURKMENISTAN",
798,1000/01/01 00:00:00,1000/01/01 00:00:00,"DE","TUVALU",,"TUVALU",
798,1000/01/01 00:00:00,1000/01/01 00:00:00,"EN","TUVALU",,"TUVALU",
798,1000/01/01 00:00:00,1000/01/01 00:00:00,"ES","TUVALU",,"TUVALU",
798,1000/01/01 00:00:00,1000/01/01 00:00:00,"FR","TUVALU",,"TUVALU",
800,1000/01/01 00:00:00,1000/01/01 00:00:00,"DE","UGANDA","REPUBLIK UGANDA","UGANDA",
800,1000/01/01 00:00:00,1000/01/01 00:00:00,"EN","UGANDA","REPUBLIC OF UGANDA","UGANDA",
800,1000/01/01 00:00:00,1000/01/01 00:00:00,"ES","UGANDA","REPUBLICA DE UGANDA","UGANDA",
800,1000/01/01 00:00:00,1000/01/01 00:00:00,"FR","OUGANDA","REPUBLIQUE DE L'OUGANDA","OUGANDA",
804,1992/01/01 00:00:00,1992/01/01 00:00:00,"DE","UKRAINE",,"UKRAINE",
804,1992/01/01 00:00:00,1992/01/01 00:00:00,"EN","UKRAINE",,"UKRAINE",
804,1992/01/01 00:00:00,1992/01/01 00:00:00,"ES","UCRANIA",,"UCRANIA",
804,1992/01/01 00:00:00,1992/01/01 00:00:00,"FR","UKRAINE",,"UKRAINE",
807,1992/01/01 00:00:00,1992/01/01 00:00:00,"DE","NORDMAZEDONIEN","REPUBLIK NORDMAZEDONIEN","NORDMAZEDONIEN",
807,1992/01/01 00:00:00,1992/01/01 00:00:00,"EN","NORTH MACEDONIA","THE REPUBLIC OF NORTH MACEDONIA","NORTH MACEDONIA",
807,1992/01/01 00:00:00,1992/01/01 00:00:00,"ES","MACEDONIA DEL NORTE","REPUBLICA DE MACEDONIA DEL NORTE","MACEDONIA DEL NORTE",
807,1992/01/01 00:00:00,1992/01/01 00:00:00,"FR","MACEDOINE DU NORD","LA REPUBLIQUE DE MACEDOINE DU NORD","MACEDOINE DU NORD",
810,1000/01/01 00:00:00,1000/01/01 00:00:00,"DE","SOWJETUNION","UDSSR","SOWJETUNION",
810,1000/01/01 00:00:00,1000/01/01 00:00:00,"EN","USSR",,"USSR",
810,1000/01/01 00:00:00,1000/01/01 00:00:00,"ES","URSS",,"URSS",
810,1000/01/01 00:00:00,1000/01/01 00:00:00,"FR","URSS",,"URSS",
818,1000/01/01 00:00:00,1000/01/01 00:00:00,"DE","AEGYPTEN","ARABISCHE REPUBLIK AEGYPTEN","AEGYPTEN",
818,1000/01/01 00:00:00,1000/01/01 00:00:00,"EN","EGYPT","ARAB REPUBLIC OF EGYPT","EGYPT",
818,1000/01/01 00:00:00,1000/01/01 00:00:00,"ES","EGIPTO","REPUBLICA ARABE DE EGIPTO","EGIPTO",
818,1000/01/01 00:00:00,1000/01/01 00:00:00,"FR","EGYPTE","REPUBLIQUE ARABE D'EGYPTE","EGYPTE",
826,1000/01/01 00:00:00,1000/01/01 00:00:00,"DE","VEREINIGTES KOENIGREICH","VEREINIGTES KOENIGREICH GROSSBRITANNIEN UND NORDIRLAND","VER.KOENIGREICH",
826,1000/01/01 00:00:00,1000/01/01 00:00:00,"EN","UNITED KINGDOM","UNITED KINGDOM OF GREAT BRITAIN AND NORTHERN IRELAND","UNITED KINGDOM",
826,1000/01/01 00:00:00,1000/01/01 00:00:00,"ES","REINO UNIDO","REINO UNIDO DE GRAN BRETANA Y IRLANDA DEL NORTE","REINO UNIDO",
826,1000/01/01 00:00:00,1000/01/01 00:00:00,"FR","ROYAUME-UNI","ROYAUME-UNI DE GRANDE-BRETAGNE ET D'IRLANDE DU NORD","ROYAUME-UNI",
834,1000/01/01 00:00:00,1000/01/01 00:00:00,"DE","TANSANIA, VEREINIGTE REPUBLIK","VEREINIGTE REPUBLIK TANSANIA","TANSANIA",
834,1000/01/01 00:00:00,1000/01/01 00:00:00,"EN","TANZANIA, UNITED REPUBLIC OF","UNITED REPUBLIC OF TANZANIA","TANZANIA",
834,1000/01/01 00:00:00,1000/01/01 00:00:00,"ES","TANZANIA, REPUBLICA UNIDA","REPUBLICA UNIDA DE TANZANIA","TANZANIA",
834,1000/01/01 00:00:00,1000/01/01 00:00:00,"FR","TANZANIE, REPUBLIQUE-UNIE DE","REPUBLIQUE-UNIE DE TANZANIE","TANZANIE",
840,1000/01/01 00:00:00,1000/01/01 00:00:00,"DE","VEREINIGTE STAATEN","VEREINIGTE STAATEN VON AMERIKA","VS",
840,1000/01/01 00:00:00,1000/01/01 00:00:00,"EN","UNITED STATES","UNITED STATES OF AMERICA","USA",
840,1000/01/01 00:00:00,1000/01/01 00:00:00,"ES","ESTADOS UNIDOS","ESTADOS UNIDOS DE AMERICA","ESTADOS UNIDOS",
840,1000/01/01 00:00:00,1000/01/01 00:00:00,"FR","ETATS-UNIS","ETATS-UNIS D'AMERIQUE","ETATS-UNIS",
854,1000/01/01 00:00:00,1000/01/01 00:00:00,"DE","BURKINA FASO",,"BURKINA FASO","OBERVOLTA"
854,1000/01/01 00:00:00,1000/01/01 00:00:00,"EN","BURKINA FASO",,"BURKINA FASO",
854,1000/01/01 00:00:00,1000/01/01 00:00:00,"ES","BURKINA FASO",,"BURKINA FASO",
854,1000/01/01 00:00:00,1000/01/01 00:00:00,"FR","BURKINA FASO",,"BURKINA FASO",
858,1000/01/01 00:00:00,1000/01/01 00:00:00,"DE","URUGUAY","REPUBLIK OESTLICH DES URUGUAY","URUGUAY",
858,1000/01/01 00:00:00,1000/01/01 00:00:00,"EN","URUGUAY","EASTERN REPUBLIC OF URUGUAY","URUGUAY",
858,1000/01/01 00:00:00,1000/01/01 00:00:00,"ES","URUGUAY","REPUBLICA ORIENTAL DE URUGUAY","URUGUAY",
858,1000/01/01 00:00:00,1000/01/01 00:00:00,"FR","URUGUAY","REPUBLIQUE ORIENTALE DE L'URUGUAY","URUGUAY",
860,1992/01/01 00:00:00,1992/01/01 00:00:00,"DE","USBEKISTAN","REPUBLIK USBEKISTAN","USBEKISTAN",
860,1992/01/01 00:00:00,1992/01/01 00:00:00,"EN","UZBEKISTAN","REPUBLIC OF UZBEKISTAN","UZBEKISTAN",
860,1992/01/01 00:00:00,1992/01/01 00:00:00,"ES","UZBEKISTAN","REPUBLICA DE UZBEKISTAN","UZBEKISTAN",
860,1992/01/01 00:00:00,1992/01/01 00:00:00,"FR","OUZBEKISTAN","REPUBLIQUE D'OUZBEKISTAN","OUZBEKISTAN",
862,1000/01/01 00:00:00,1000/01/01 00:00:00,"DE","VENEZUELA","BOLIVARISCHE REPUBLIK VENEZUELA","VENEZUELA",
862,1000/01/01 00:00:00,1000/01/01 00:00:00,"EN","VENEZUELA","BOLIVARIAN REPUBLIC OF VENEZUELA","VENEZUELA",
862,1000/01/01 00:00:00,1000/01/01 00:00:00,"ES","VENEZUELA","REPUBLICA BOLIVARIANA DE VENEZUELA","VENEZUELA",
862,1000/01/01 00:00:00,1000/01/01 00:00:00,"FR","VENEZUELA","REPUBLIQUE BOLIVARIENNE DU VENEZUELA","VENEZUELA",
882,1000/01/01 00:00:00,1000/01/01 00:00:00,"DE","SAMOA","UNABHAENGIGER STAAT WESTSAMOA","SAMOA",
882,1000/01/01 00:00:00,1000/01/01 00:00:00,"EN","SAMOA","INDEPENDENT STATE OF WESTERN SAMOA","SAMOA",
882,1000/01/01 00:00:00,1000/01/01 00:00:00,"ES","SAMOA","ESTADO INDEPENDIENTE DE SAMOA OCCIDENTAL","SAMOA",
882,1000/01/01 00:00:00,1000/01/01 00:00:00,"FR","SAMOA","ETAT INDEPENDANT DU SAMOA-OCCIDENTAL","SAMOA",
882,1000/01/01 00:00:00,1997/10/09 00:00:00,"DE","SAMOA","UNABHAENGIGER STAAT SAMOA","SAMOA",
882,1000/01/01 00:00:00,1997/10/09 00:00:00,"EN","SAMOA","INDEPENDENT STATE OF SAMOA","SAMOA",
882,1000/01/01 00:00:00,1997/10/09 00:00:00,"ES","SAMOA","ESTADO INDEPENDIENTE DE SAMOA","SAMOA",
882,1000/01/01 00:00:00,1997/10/09 00:00:00,"FR","SAMOA","ETAT INDEPENDANT DU SAMOA","SAMOA",
886,1000/01/01 00:00:00,1000/01/01 00:00:00,"DE","JEMEN","REPUBLIK JEMEN","JEMEN",
886,1000/01/01 00:00:00,1000/01/01 00:00:00,"EN","YEMEN","REPUBLIC OF YEMEN","YEMEN",
886,1000/01/01 00:00:00,1000/01/01 00:00:00,"ES","YEMEN","REPUBLICA DE YEMEN","YEMEN",
886,1000/01/01 00:00:00,1000/01/01 00:00:00,"FR","YEMEN","REPUBLIQUE DU YEMEN","YEMEN",
887,1990/05/22 00:00:00,1990/05/22 00:00:00,"DE","JEMEN","REPUBLIK JEMEN","JEMEN",
887,1990/05/22 00:00:00,1990/05/22 00:00:00,"EN","YEMEN","REPUBLIC OF YEMEN","YEMEN",
887,1990/05/22 00:00:00,1990/05/22 00:00:00,"ES","YEMEN","REPUBLICA DE YEMEN","YEMEN",
887,1990/05/22 00:00:00,1990/05/22 00:00:00,"FR","YEMEN","REPUBLIQUE DU YEMEN","YEMEN",
890,1000/01/01 00:00:00,1000/01/01 00:00:00,"DE","JUGOSLAWIEN","BUNDESREPUBLIK JUGOSLAWIEN","JUGOSLAWIEN",
890,1000/01/01 00:00:00,1000/01/01 00:00:00,"EN","YUGOSLAVIA","FEDERAL REPUBLIC OF YUGOSLAVIA","YUGOSLAVIA",
890,1000/01/01 00:00:00,1000/01/01 00:00:00,"ES","YUGOSLAVIA","REPUBLICA FEDERAL DE YUGOSLAVIA","YUGOSLAVIA",
890,1000/01/01 00:00:00,1000/01/01 00:00:00,"FR","YOUGOSLAVIE","REPUBLIQUE FEDERATIVE DE YOUGOSLAVIE","YOUGOSLAVIE",
891,1992/01/01 00:00:00,1992/01/01 00:00:00,"DE","JUGOSLAWIEN","BUNDESREPUBLIK JUGOSLAWIEN","JUGOSLAWIEN",
891,1992/01/01 00:00:00,1992/01/01 00:00:00,"EN","YUGOSLAVIA","FEDERAL REPUBLIC OF YUGOSLAVIA","YUGOSLAVIA",
891,1992/01/01 00:00:00,1992/01/01 00:00:00,"ES","YUGOSLAVIA","REPUBLICA FEDERAL DE YUGOSLAVIA","YUGOSLAVIA",
891,1992/01/01 00:00:00,1992/01/01 00:00:00,"FR","YOUGOSLAVIE","REPUBLIQUE FEDERALE DE YOUGOSLAVIE","YOUGOSLAVIE",
891,1992/01/01 00:00:00,2003/02/04 00:00:00,"DE","SERBIEN UND MONTENEGRO","SERBIEN UND MONTENEGRO","SERBIEN+MONTEN.",
891,1992/01/01 00:00:00,2003/02/04 00:00:00,"EN","SERBIA AND MONTENEGRO","SERBIA AND MONTENEGRO","SERBIA+MONTENE.",
891,1992/01/01 00:00:00,2003/02/04 00:00:00,"ES","SERBIA Y MONTENEGRO","SERBIA Y MONTENEGRO","SERBIA+MONTENE.",
891,1992/01/01 00:00:00,2003/02/04 00:00:00,"FR","SERBIE-ET-MONTENEGRO","SERBIE-ET-MONTENEGRO","SERBIE+MONTENE.",
894,1000/01/01 00:00:00,1000/01/01 00:00:00,"DE","SAMBIA","REPUBLIK SAMBIA","SAMBIA",
894,1000/01/01 00:00:00,1000/01/01 00:00:00,"EN","ZAMBIA","REPUBLIC OF ZAMBIA","ZAMBIA",
894,1000/01/01 00:00:00,1000/01/01 00:00:00,"ES","ZAMBIA","REPUBLICA DE ZAMBIA","ZAMBIA",
894,1000/01/01 00:00:00,1000/01/01 00:00:00,"FR","ZAMBIE","REPUBLIQUE DE ZAMBIE","ZAMBIE",
2100,1000/01/01 00:00:00,1000/01/01 00:00:00,"DE","AFRIKA",,"AFRIKA",
2100,1000/01/01 00:00:00,1000/01/01 00:00:00,"EN","AFRICA",,"AFRICA",
2100,1000/01/01 00:00:00,1000/01/01 00:00:00,"ES","AFRICA",,"AFRICA",
2100,1000/01/01 00:00:00,1000/01/01 00:00:00,"FR","AFRIQUE",,"AFRIQUE",
2101,1000/01/01 00:00:00,1000/01/01 00:00:00,"DE","AMERIKA",,"AMERIKA",
2101,1000/01/01 00:00:00,1000/01/01 00:00:00,"EN","AMERICA",,"AMERICA",
2101,1000/01/01 00:00:00,1000/01/01 00:00:00,"ES","AMERICA",,"AMERICA",
2101,1000/01/01 00:00:00,1000/01/01 00:00:00,"FR","AMERIQUE",,"AMERIQUE",
2102,1000/01/01 00:00:00,1000/01/01 00:00:00,"DE","AMERIKANISCHER KONTINENT",,"AMERIK.KONT.",
2102,1000/01/01 00:00:00,1000/01/01 00:00:00,"EN","AMERICAN CONTINENT",,"AMERICAN CONT.",
2102,1000/01/01 00:00:00,1000/01/01 00:00:00,"ES","CONTINENTE AMERICANO",,"CONT.AMERICANO",
2102,1000/01/01 00:00:00,1000/01/01 00:00:00,"FR","CONTINENT AMERICAIN",,"CONT.AMERICAIN",
2103,1000/01/01 00:00:00,1000/01/01 00:00:00,"DE","ANTILLEN",,"ANTILLEN",
2103,1000/01/01 00:00:00,1000/01/01 00:00:00,"EN","ANTILLES",,"ANTILLES",
2103,1000/01/01 00:00:00,1000/01/01 00:00:00,"ES","ANTILLAS",,"ANTILLAS",
2103,1000/01/01 00:00:00,1000/01/01 00:00:00,"FR","ANTILLES",,"ANTILLES",
2104,1989/11/07 00:00:00,1989/11/07 00:00:00,"DE","APEC STAATEN",,"APEC",
2104,1989/11/07 00:00:00,1989/11/07 00:00:00,"EN","APEC COUNTRIES",,"APEC",
2104,1989/11/07 00:00:00,1989/11/07 00:00:00,"ES","PAISES APEC",,"APEC",
2104,1989/11/07 00:00:00,1989/11/07 00:00:00,"FR","ETATS APEC",,"APEC",
2105,1967/08/08 00:00:00,1967/08/08 00:00:00,"DE","ASEAN STAATEN",,"ASEAN",
2105,1967/08/08 00:00:00,1967/08/08 00:00:00,"EN","ASEAN COUNTRIES",,"ASEAN",
2105,1967/08/08 00:00:00,1967/08/08 00:00:00,"ES","PAISES DEL ASEAN",,"ASEAN",
2105,1967/08/08 00:00:00,1967/08/08 00:00:00,"FR","ETATS ASEAN",,"ASEAN",
2106,1000/01/01 00:00:00,1000/01/01 00:00:00,"DE","ASIEN",,"ASIEN",
2106,1000/01/01 00:00:00,1000/01/01 00:00:00,"EN","ASIA",,"ASIA",
2106,1000/01/01 00:00:00,1000/01/01 00:00:00,"ES","ASIA",,"ASIA",
2106,1000/01/01 00:00:00,1000/01/01 00:00:00,"FR","ASIE",,"ASIE",
2107,1000/01/01 00:00:00,1000/01/01 00:00:00,"DE","AUSTRALASIEN",,"AUSTRALASIEN",
2107,1000/01/01 00:00:00,1000/01/01 00:00:00,"EN","AUSTRALASIA",,"AUSTRALASIA",
2107,1000/01/01 00:00:00,1000/01/01 00:00:00,"ES","AUSTRALASIA",,"AUSTRALASIA",
2107,1000/01/01 00:00:00,1000/01/01 00:00:00,"FR","AUSTRALASIE",,"AUSTRALASIE",
2108,1000/01/01 00:00:00,1000/01/01 00:00:00,"DE","BALKANLAENDER",,"BALKANLAENDER",
2108,1000/01/01 00:00:00,1000/01/01 00:00:00,"EN","BALKANS",,"BALKANS",
2108,1000/01/01 00:00:00,1000/01/01 00:00:00,"ES","BALCANES",,"BALCANES",
2108,1000/01/01 00:00:00,1000/01/01 00:00:00,"FR","BALKANS",,"BALKANS",
2109,1000/01/01 00:00:00,1000/01/01 00:00:00,"DE","BALTISCHE STAATEN",,"BALT.STAATEN",
2109,1000/01/01 00:00:00,1000/01/01 00:00:00,"EN","BALTIC STATES",,"BALTIC STATES",
2109,1000/01/01 00:00:00,1000/01/01 00:00:00,"ES","ESTADOS BALTICOS",,"EST.BALTICOS",
2109,1000/01/01 00:00:00,1000/01/01 00:00:00,"FR","ETATS BALTIQUES",,"ETATS BALT.",
2110,1948/01/01 00:00:00,1948/01/01 00:00:00,"DE","BENELUX",,"BENELUX",
2110,1948/01/01 00:00:00,1948/01/01 00:00:00,"EN","BENELUX",,"BENELUX",
2110,1948/01/01 00:00:00,1948/01/01 00:00:00,"ES","BENELUX",,"BENELUX",
2110,1948/01/01 00:00:00,1948/01/01 00:00:00,"FR","BENELUX",,"BENELUX",
2111,1000/01/01 00:00:00,1000/01/01 00:00:00,"DE","BRITISCHE INSELN",,"BRIT.INSELN",
2111,1000/01/01 00:00:00,1000/01/01 00:00:00,"EN","BRITISH ISLES",,"BRITISH ISLES",
2111,1000/01/01 00:00:00,1000/01/01 00:00:00,"ES","ISLAS BRITANICAS",,"ISLAS BRITAN.",
2111,1000/01/01 00:00:00,1000/01/01 00:00:00,"FR","ILES BRITANNIQUES",,"ILES BRITAN.",
2112,1000/01/01 00:00:00,1000/01/01 00:00:00,"DE","BRITISCH WESTINDIEN",,"BRIT.WESTINDIEN",
2112,1000/01/01 00:00:00,1000/01/01 00:00:00,"EN","BRITISH WEST INDIES",,"BRIT.WEST IND.",
2112,1000/01/01 00:00:00,1000/01/01 00:00:00,"ES","INDIAS BRITANICAS OCCIDENTALES",,"IND.BRIT.OCCID.",
2112,1000/01/01 00:00:00,1000/01/01 00:00:00,"FR","INDES OCCIDENTALES BRITANNIQUES",,"INDES OCC.BRIT.",
2113,1000/01/01 00:00:00,1000/01/01 00:00:00,"DE","MITTELAMERIKA",,"MITTELAMERIKA",
2113,1000/01/01 00:00:00,1000/01/01 00:00:00,"EN","CENTRAL AMERICA",,"CENTRAL AMERICA",
2113,1000/01/01 00:00:00,1000/01/01 00:00:00,"ES","AMERICA CENTRAL",,"AMERICA CENTRAL",
2113,1000/01/01 00:00:00,1000/01/01 00:00:00,"FR","AMERIQUE CENTRALE",,"AMERIQUE CENT.",
2114,1931/01/01 00:00:00,1931/01/01 00:00:00,"DE","COMMONWEALTH",,"COMMONWEALTH",
2114,1931/01/01 00:00:00,1931/01/01 00:00:00,"EN","COMMONWEALTH",,"COMMONWEALTH",
2114,1931/01/01 00:00:00,1931/01/01 00:00:00,"ES","COMMONWEALTH",,"COMMONWEALTH",
2114,1931/01/01 00:00:00,1931/01/01 00:00:00,"FR","COMMONWEALTH",,"COMMONWEALTH",
2115,1931/01/01 00:00:00,1931/01/01 00:00:00,"DE","COMMONWEALTH AFRIKANISCHE GEBIETE",,"CO AFRIKA",
2115,1931/01/01 00:00:00,1931/01/01 00:00:00,"EN","COMMONWEALTH AFRICAN TERRITORIES",,"CO AFRICA",
2115,1931/01/01 00:00:00,1931/01/01 00:00:00,"ES","TERRITORIOS AFRICANOS DE LA COMMONWEALTH",,"CO AFRICA",
2115,1931/01/01 00:00:00,1931/01/01 00:00:00,"FR","COMMONWEALTH TERRITOIRES AFRICAINS",,"CO AFRIQUE",
2116,1931/01/01 00:00:00,1931/01/01 00:00:00,"DE","COMMONWEALTH ASIATISCHE GEBIETE",,"CO ASIEN",
2116,1931/01/01 00:00:00,1931/01/01 00:00:00,"EN","COMMONWEALTH ASIAN TERRITORIES",,"CO ASIA",
2116,1931/01/01 00:00:00,1931/01/01 00:00:00,"ES","TERRITORIOS ASIATICOS DE LA COMMONWEALTH",,"CO ASIA",
2116,1931/01/01 00:00:00,1931/01/01 00:00:00,"FR","COMMONWEALTH TERRITOIRES ASIATIQUES",,"CO ASIE",
2117,1931/01/01 00:00:00,1931/01/01 00:00:00,"DE","COMMONWEALTH AUSTRALASIATISCHE GEBIETE",,"CO AUSTRALASIEN",
2117,1931/01/01 00:00:00,1931/01/01 00:00:00,"EN","COMMONWEALTH AUSTRALASIAN TERRITORIES",,"CO AUSTRALASIA",
2117,1931/01/01 00:00:00,1931/01/01 00:00:00,"ES","TERRITORIOS AUSTRALASIATICOS DE LA COMMONWEALTH",,"CO AUSTRALASIA",
2117,1931/01/01 00:00:00,1931/01/01 00:00:00,"FR","COMMONWEALTH TERRITOIRES AUSTRALASIATIQUES",,"CO AUSTRALASIE",
2118,1992/01/01 00:00:00,1992/01/01 00:00:00,"DE","GEMEINSCHAFT UNABHAENGIGER STAATEN",,"GUS",
2118,1992/01/01 00:00:00,1992/01/01 00:00:00,"EN","COMMONWEALTH OF INDEPENDENT STATES",,"CIS",
2118,1992/01/01 00:00:00,1992/01/01 00:00:00,"ES","COMMONWEALTH DE ESTADOS INDEPENDIENTES",,"CEI",
2118,1992/01/01 00:00:00,1992/01/01 00:00:00,"FR","COMMUNAUTE DES ETATS INDEPENDANTS",,"CEI",
2119,1000/01/01 00:00:00,1000/01/01 00:00:00,"DE","OSTEUROPA",,"OSTEUROPA",
2119,1000/01/01 00:00:00,1000/01/01 00:00:00,"EN","EASTERN EUROPE",,"EASTERN EUROPE",
2119,1000/01/01 00:00:00,1000/01/01 00:00:00,"ES","EUROPA DEL ESTE",,"EUROPA DEL ESTE",
2119,1000/01/01 00:00:00,1000/01/01 00:00:00,"FR","EUROPE ORIENTALE",,"EUROPE ORIENT.",
2120,1000/01/01 00:00:00,1000/01/01 00:00:00,"DE","EUROPA",,"EUROPA",
2120,1000/01/01 00:00:00,1000/01/01 00:00:00,"EN","EUROPE",,"EUROPE",
2120,1000/01/01 00:00:00,1000/01/01 00:00:00,"ES","EUROPA",,"EUROPA",
2120,1000/01/01 00:00:00,1000/01/01 00:00:00,"FR","EUROPE",,"EUROPE",
2121,1994/01/01 00:00:00,1994/01/01 00:00:00,"DE","EUROPAEISCHER WIRTSCHAFTSRAUM",,"EWR",
2121,1994/01/01 00:00:00,1994/01/01 00:00:00,"EN","EUROPEAN ECONOMIC AREA",,"EUROP.ECON.AREA",
2121,1994/01/01 00:00:00,1994/01/01 00:00:00,"ES","AREA ECONOMICA EUROPEA",,"AREA ECON.EURO.",
2121,1994/01/01 00:00:00,1994/01/01 00:00:00,"FR","ESPACE ECONOMIQUE EUROPEEN",,"ESP.ECON.EURO",
2122,1000/01/01 00:00:00,1000/01/01 00:00:00,"DE","EUROPAEISCHER KONTINENT",,"EUROP.KONT.",
2122,1000/01/01 00:00:00,1000/01/01 00:00:00,"EN","EUROPEAN CONTINENT",,"EUROPEAN CONT.",
2122,1000/01/01 00:00:00,1000/01/01 00:00:00,"ES","CONTINENTE EUROPEO",,"CONT.EUROPEO",
2122,1000/01/01 00:00:00,1000/01/01 00:00:00,"FR","CONTINENT EUROPEEN",,"CONT.EUROPEEN",
2123,1958/01/01 00:00:00,1958/01/01 00:00:00,"DE","EUROPAEISCHE WIRTSCHAFTSGEMEINSCHAFT",,"EWG",
2123,1958/01/01 00:00:00,1958/01/01 00:00:00,"EN","EUROPEAN ECONOMIC COMMUNITY",,"EEC",
2123,1958/01/01 00:00:00,1958/01/01 00:00:00,"ES","COMUNIDAD ECONOMICA EUROPEA",,"CEE",
2123,1958/01/01 00:00:00,1958/01/01 00:00:00,"FR","COMMUNAUTE ECONOMIQUE EUROPEENNE",,"CEE",
2123,1958/01/01 00:00:00,1993/11/01 00:00:00,"DE","EUROPAEISCHE UNION",,"EUROP.UNION",
2123,1958/01/01 00:00:00,1993/11/01 00:00:00,"EN","EUROPEAN UNION",,"EUROPEAN UNION",
2123,1958/01/01 00:00:00,1993/11/01 00:00:00,"ES","UNION EUROPEA",,"UNION EUROPEA",
2123,1958/01/01 00:00:00,1993/11/01 00:00:00,"FR","UNION EUROPEENNE",,"UNION EURO",
2124,1000/01/01 00:00:00,1000/01/01 00:00:00,"DE","DEUTSCHLAND, OESTERREICH, SCHWEIZ",,"DACH",
2124,1000/01/01 00:00:00,1000/01/01 00:00:00,"EN","GSA COUNTRIES",,"GSA",
2124,1000/01/01 00:00:00,1000/01/01 00:00:00,"ES","ALEMANIA, AUSTRIA, SUIZA",,"DE,AT,CH",
2124,1000/01/01 00:00:00,1000/01/01 00:00:00,"FR","ALLEMAGNE, AUTRICHE, SUISSE",,"DE,AT,CH",
2125,1000/01/01 00:00:00,1000/01/01 00:00:00,"DE","MITTLERER OSTEN",,"MITTLERER OSTEN",
2125,1000/01/01 00:00:00,1000/01/01 00:00:00,"EN","MIDDLE EAST",,"MIDDLE EAST",
2125,1000/01/01 00:00:00,1000/01/01 00:00:00,"ES","ORIENTE MEDIO",,"ORIENTE MEDIO",
2125,1000/01/01 00:00:00,1000/01/01 00:00:00,"FR","MOYEN-ORIENT",,"MOYEN-ORIENT",
2126,1994/01/01 00:00:00,1994/01/01 00:00:00,"DE","NAFTA STAATEN",,"NAFTA",
2126,1994/01/01 00:00:00,1994/01/01 00:00:00,"EN","NAFTA COUNTRIES",,"NAFTA",
2126,1994/01/01 00:00:00,1994/01/01 00:00:00,"ES","PAISES DEL NAFTA",,"NAFTA",
2126,1994/01/01 00:00:00,1994/01/01 00:00:00,"FR","ETATS NAFTA",,"NAFTA",
2127,1000/01/01 00:00:00,1000/01/01 00:00:00,"DE","NORDISCHE LAENDER",,"NORD.LAENDER",
2127,1000/01/01 00:00:00,1000/01/01 00:00:00,"EN","NORDIC COUNTRIES",,"NORDIC COUNTR.",
2127,1000/01/01 00:00:00,1000/01/01 00:00:00,"ES","PAISES NORDICOS",,"PAISES NORDICOS",
2127,1000/01/01 00:00:00,1000/01/01 00:00:00,"FR","PAYS NORDIQUES",,"PAYS NORDIQUES",
2128,1000/01/01 00:00:00,1000/01/01 00:00:00,"DE","NORDAFRIKA",,"NORDAFRIKA",
2128,1000/01/01 00:00:00,1000/01/01 00:00:00,"EN","NORTH AFRICA",,"NORTH AFRICA",
2128,1000/01/01 00:00:00,1000/01/01 00:00:00,"ES","AFRICA DEL NORTE",,"AFRICA D.NORTE",
2128,1000/01/01 00:00:00,1000/01/01 00:00:00,"FR","AFRIQUE DU NORD",,"AFRIQUE DU NORD",
2129,1000/01/01 00:00:00,1000/01/01 00:00:00,"DE","NORDAMERIKA",,"NORDAMERIKA",
2129,1000/01/01 00:00:00,1000/01/01 00:00:00,"EN","NORTH AMERICA",,"NORTH AMERICA",
2129,1000/01/01 00:00:00,1000/01/01 00:00:00,"ES","AMERICA DEL NORTE",,"AMERICA D.NORTE",
2129,1000/01/01 00:00:00,1000/01/01 00:00:00,"FR","AMERIQUE DU NORD",,"AMERIQUE D.NORD",
2130,1000/01/01 00:00:00,1000/01/01 00:00:00,"DE","OZEANIEN",,"OZEANIEN",
2130,1000/01/01 00:00:00,1000/01/01 00:00:00,"EN","OCEANIA",,"OCEANIA",
2130,1000/01/01 00:00:00,1000/01/01 00:00:00,"ES","OCEANIA",,"OCEANIA",
2130,1000/01/01 00:00:00,1000/01/01 00:00:00,"FR","OCEANIE",,"OCEANIE",
2131,1000/01/01 00:00:00,1000/01/01 00:00:00,"DE","SKANDINAVIEN",,"SKANDINAVIEN",
2131,1000/01/01 00:00:00,1000/01/01 00:00:00,"EN","SCANDINAVIA",,"SCANDINAVIA",
2131,1000/01/01 00:00:00,1000/01/01 00:00:00,"ES","ESCANDINAVIA",,"ESCANDINAVIA",
2131,1000/01/01 00:00:00,1000/01/01 00:00:00,"FR","SCANDINAVIE",,"SCANDINAVIE",
2132,1000/01/01 00:00:00,1000/01/01 00:00:00,"DE","SUEDAMERIKA",,"SUEDAMERIKA",
2132,1000/01/01 00:00:00,1000/01/01 00:00:00,"EN","SOUTH AMERICA",,"SOUTH AMERICA",
2132,1000/01/01 00:00:00,1000/01/01 00:00:00,"ES","SUD AMERICA",,"SUD AMERICA",
2132,1000/01/01 00:00:00,1000/01/01 00:00:00,"FR","AMERIQUE DU SUD",,"AMERIQUE DU SUD",
2133,1000/01/01 00:00:00,1000/01/01 00:00:00,"DE","SUEDOSTASIEN",,"SUEDOSTASIEN",
2133,1000/01/01 00:00:00,1000/01/01 00:00:00,"EN","SOUTH EAST ASIA",,"SOUTH EAST ASIA",
2133,1000/01/01 00:00:00,1000/01/01 00:00:00,"ES","SURESTE DE ASIA",,"SURESTE DE ASIA",
2133,1000/01/01 00:00:00,1000/01/01 00:00:00,"FR","ASIE SUD EST",,"ASIE SUD EST",
2134,1000/01/01 00:00:00,1000/01/01 00:00:00,"DE","WESTINDIEN",,"WESTINDIEN",
2134,1000/01/01 00:00:00,1000/01/01 00:00:00,"EN","WEST INDIES",,"WEST INDIES",
2134,1000/01/01 00:00:00,1000/01/01 00:00:00,"ES","INDIAS OCCIDENTALES",,"INDIAS OCCID.",
2134,1000/01/01 00:00:00,1000/01/01 00:00:00,"FR","INDES OCCIDENTALES",,"INDES OCC.",
2136,1000/01/01 00:00:00,1000/01/01 00:00:00,"DE","WELT",,"WELT",
2136,1000/01/01 00:00:00,1000/01/01 00:00:00,"EN","WORLD",,"WORLD",
2136,1000/01/01 00:00:00,1000/01/01 00:00:00,"ES","MUNDO",,"MUNDO",
2136,1000/01/01 00:00:00,1000/01/01 00:00:00,"FR","MONDE",,"MONDE",
